,date,d-4,d-3,d-2,d-1,real,cate
0,2021-01-04,116.7,116.6,119.4,125.9,127.8,2
1,2021-01-05,116.6,119.4,125.9,127.8,127.8,0
2,2021-01-06,119.4,125.9,127.8,127.8,127.8,0
3,2021-01-07,125.9,127.8,127.8,127.8,124.7,1
4,2021-01-08,127.8,127.8,127.8,124.7,124.8,0
5,2021-01-09,127.8,127.8,124.7,124.8,126.6,2
6,2021-01-10,127.8,124.7,124.8,126.6,126.6,0
7,2021-01-11,124.7,124.8,126.6,126.6,125.2,1
8,2021-01-12,124.8,126.6,126.6,125.2,125.2,0
9,2021-01-13,126.6,126.6,125.2,125.2,125.2,0
10,2021-01-14,126.6,125.2,125.2,125.2,126.8,2
11,2021-01-15,125.2,125.2,125.2,126.8,129.2,2
12,2021-01-16,125.2,125.2,126.8,129.2,128.5,0
13,2021-01-17,125.2,126.8,129.2,128.5,129.5,0
14,2021-01-18,126.8,129.2,128.5,129.5,128.6,1
15,2021-01-19,129.2,128.5,129.5,128.6,128.6,0
16,2021-01-20,128.5,129.5,128.6,128.6,128.6,0
17,2021-01-21,129.5,128.6,128.6,128.6,129.1,0
18,2021-01-22,128.6,128.6,128.6,129.1,132.5,2
19,2021-01-23,128.6,128.6,129.1,132.5,122.9,1
20,2021-01-24,128.6,129.1,132.5,122.9,126.7,2
21,2021-01-25,129.1,132.5,122.9,126.7,123.1,1
22,2021-01-26,132.5,122.9,126.7,123.1,123.1,0
23,2021-01-27,122.9,126.7,123.1,123.1,123.1,0
24,2021-01-28,126.7,123.1,123.1,123.1,125.0,2
25,2021-01-29,123.1,123.1,123.1,125.0,126.1,0
26,2021-01-30,123.1,123.1,125.0,126.1,127.3,2
27,2021-01-31,123.1,125.0,126.1,127.3,127.3,0
28,2021-02-01,125.0,126.1,127.3,127.3,129.5,2
29,2021-02-02,126.1,127.3,127.3,129.5,129.5,0
30,2021-02-03,127.3,127.3,129.5,129.5,129.5,0
31,2021-02-04,127.3,129.5,129.5,129.5,130.6,0
32,2021-02-05,129.5,129.5,129.5,130.6,125.1,1
33,2021-02-06,129.5,129.5,130.6,125.1,124.1,1
34,2021-02-07,129.5,130.6,125.1,124.1,124.5,0
35,2021-02-08,130.6,125.1,124.1,124.5,122.8,1
36,2021-02-09,125.1,124.1,124.5,122.8,122.8,0
37,2021-02-10,124.1,124.5,122.8,122.8,122.8,0
38,2021-02-11,124.5,122.8,122.8,122.8,124.2,2
39,2021-02-12,122.8,122.8,122.8,124.2,125.4,2
40,2021-02-13,122.8,122.8,124.2,125.4,124.7,0
41,2021-02-14,122.8,124.2,125.4,124.7,138.6,2
42,2021-02-15,124.2,125.4,124.7,138.6,143.2,2
43,2021-02-16,125.4,124.7,138.6,143.2,143.2,0
44,2021-02-17,124.7,138.6,143.2,143.2,143.2,0
45,2021-02-18,138.6,143.2,143.2,143.2,136.2,1
46,2021-02-19,143.2,143.2,143.2,136.2,135.5,0
47,2021-02-20,143.2,143.2,136.2,135.5,134.7,0
48,2021-02-21,143.2,136.2,135.5,134.7,134.2,0
49,2021-02-22,136.2,135.5,134.7,134.2,133.3,0
50,2021-02-23,135.5,134.7,134.2,133.3,133.3,0
51,2021-02-24,134.7,134.2,133.3,133.3,133.3,0
52,2021-02-25,134.2,133.3,133.3,133.3,134.7,2
53,2021-02-26,133.3,133.3,133.3,134.7,133.3,1
54,2021-02-27,133.3,133.3,134.7,133.3,127.6,1
55,2021-02-28,133.3,134.7,133.3,127.6,125.7,1
56,2021-03-01,134.7,133.3,127.6,125.7,126.7,0
57,2021-03-02,133.3,127.6,125.7,126.7,126.7,0
58,2021-03-03,127.6,125.7,126.7,126.7,126.7,0
59,2021-03-04,125.7,126.7,126.7,126.7,125.2,1
60,2021-03-05,126.7,126.7,126.7,125.2,130.1,2
61,2021-03-06,126.7,126.7,125.2,130.1,129.1,1
62,2021-03-07,126.7,125.2,130.1,129.1,132.3,2
63,2021-03-08,125.2,130.1,129.1,132.3,130.5,1
64,2021-03-09,130.1,129.1,132.3,130.5,130.5,0
65,2021-03-10,129.1,132.3,130.5,130.5,130.5,0
66,2021-03-11,132.3,130.5,130.5,130.5,136.4,2
67,2021-03-12,130.5,130.5,130.5,136.4,136.4,0
68,2021-03-13,130.5,130.5,136.4,136.4,135.7,0
69,2021-03-14,130.5,136.4,136.4,135.7,134.7,1
70,2021-03-15,136.4,136.4,135.7,134.7,134.9,0
71,2021-03-16,136.4,135.7,134.7,134.9,134.9,0
72,2021-03-17,135.7,134.7,134.9,134.9,134.9,0
73,2021-03-18,134.7,134.9,134.9,134.9,136.9,2
74,2021-03-19,134.9,134.9,134.9,136.9,137.7,0
75,2021-03-20,134.9,134.9,136.9,137.7,137.6,0
76,2021-03-21,134.9,136.9,137.7,137.6,139.0,2
77,2021-03-22,136.9,137.7,137.6,139.0,140.8,2
78,2021-03-23,137.7,137.6,139.0,140.8,140.8,0
79,2021-03-24,137.6,139.0,140.8,140.8,140.8,0
80,2021-03-25,139.0,140.8,140.8,140.8,141.1,0
81,2021-03-26,140.8,140.8,140.8,141.1,142.8,2
82,2021-03-27,140.8,140.8,141.1,142.8,142.6,0
83,2021-03-28,140.8,141.1,142.8,142.6,143.9,2
84,2021-03-29,141.1,142.8,142.6,143.9,143.9,0
85,2021-03-30,142.8,142.6,143.9,143.9,143.9,0
86,2021-03-31,142.6,143.9,143.9,143.9,143.9,0
87,2021-04-01,143.9,143.9,143.9,143.9,143.9,0
88,2021-04-02,143.9,143.9,143.9,143.9,135.8,1
89,2021-04-03,143.9,143.9,143.9,135.8,138.0,2
90,2021-04-04,143.9,143.9,135.8,138.0,140.7,2
91,2021-04-05,143.9,135.8,138.0,140.7,139.6,1
92,2021-04-06,135.8,138.0,140.7,139.6,139.6,0
93,2021-04-07,138.0,140.7,139.6,139.6,139.6,0
94,2021-04-08,140.7,139.6,139.6,139.6,141.1,2
95,2021-04-09,139.6,139.6,139.6,141.1,140.6,0
96,2021-04-10,139.6,139.6,141.1,140.6,138.5,1
97,2021-04-11,139.6,141.1,140.6,138.5,139.3,0
98,2021-04-12,141.1,140.6,138.5,139.3,140.9,2
99,2021-04-13,140.6,138.5,139.3,140.9,140.9,0
100,2021-04-14,138.5,139.3,140.9,140.9,140.9,0
101,2021-04-15,139.3,140.9,140.9,140.9,140.3,0
102,2021-04-16,140.9,140.9,140.9,140.3,139.9,0
103,2021-04-17,140.9,140.9,140.3,139.9,139.4,0
104,2021-04-18,140.9,140.3,139.9,139.4,143.0,2
105,2021-04-19,140.3,139.9,139.4,143.0,144.6,2
106,2021-04-20,139.9,139.4,143.0,144.6,144.6,0
107,2021-04-21,139.4,143.0,144.6,144.6,144.6,0
108,2021-04-22,143.0,144.6,144.6,144.6,144.3,0
109,2021-04-23,144.6,144.6,144.6,144.3,145.8,2
110,2021-04-24,144.6,144.6,144.3,145.8,144.5,1
111,2021-04-25,144.6,144.3,145.8,144.5,145.3,0
112,2021-04-26,144.3,145.8,144.5,145.3,144.7,0
113,2021-04-27,145.8,144.5,145.3,144.7,144.7,0
114,2021-04-28,144.5,145.3,144.7,144.7,144.7,0
115,2021-04-29,145.3,144.7,144.7,144.7,145.2,0
116,2021-04-30,144.7,144.7,144.7,145.2,138.6,1
117,2021-05-01,144.7,144.7,145.2,138.6,139.1,0
118,2021-05-02,144.7,145.2,138.6,139.1,136.0,1
119,2021-05-03,145.2,138.6,139.1,136.0,139.2,2
120,2021-05-04,138.6,139.1,136.0,139.2,139.2,0
121,2021-05-05,139.1,136.0,139.2,139.2,139.2,0
122,2021-05-06,136.0,139.2,139.2,139.2,139.1,0
123,2021-05-07,139.2,139.2,139.2,139.1,133.9,1
124,2021-05-08,139.2,139.2,139.1,133.9,131.2,1
125,2021-05-09,139.2,139.1,133.9,131.2,131.4,0
126,2021-05-10,139.1,133.9,131.2,131.4,135.5,2
127,2021-05-11,133.9,131.2,131.4,135.5,135.5,0
128,2021-05-12,131.2,131.4,135.5,135.5,135.5,0
129,2021-05-13,131.4,135.5,135.5,135.5,135.5,0
130,2021-05-14,135.5,135.5,135.5,135.5,136.7,2
131,2021-05-15,135.5,135.5,135.5,136.7,136.6,0
132,2021-05-16,135.5,135.5,136.7,136.6,137.6,0
133,2021-05-17,135.5,136.7,136.6,137.6,138.9,2
134,2021-05-18,136.7,136.6,137.6,138.9,138.9,0
135,2021-05-19,136.6,137.6,138.9,138.9,138.9,0
136,2021-05-20,137.6,138.9,138.9,138.9,138.9,0
137,2021-05-21,138.9,138.9,138.9,138.9,140.4,2
138,2021-05-22,138.9,138.9,138.9,140.4,142.3,2
139,2021-05-23,138.9,138.9,140.4,142.3,141.6,0
140,2021-05-24,138.9,140.4,142.3,141.6,142.3,0
141,2021-05-25,140.4,142.3,141.6,142.3,142.3,0
142,2021-05-26,142.3,141.6,142.3,142.3,142.3,0
143,2021-05-27,141.6,142.3,142.3,142.3,138.5,1
144,2021-05-28,142.3,142.3,142.3,138.5,137.2,1
145,2021-05-29,142.3,142.3,138.5,137.2,134.4,1
146,2021-05-30,142.3,138.5,137.2,134.4,133.9,0
147,2021-05-31,138.5,137.2,134.4,133.9,134.2,0
148,2021-06-01,137.2,134.4,133.9,134.2,134.2,0
149,2021-06-02,134.4,133.9,134.2,134.2,134.2,0
150,2021-06-03,133.9,134.2,134.2,134.2,136.9,2
151,2021-06-04,134.2,134.2,134.2,136.9,141.3,2
152,2021-06-05,134.2,134.2,136.9,141.3,134.9,1
153,2021-06-06,134.2,136.9,141.3,134.9,132.2,1
154,2021-06-07,136.9,141.3,134.9,132.2,131.1,1
155,2021-06-08,141.3,134.9,132.2,131.1,131.1,0
156,2021-06-09,134.9,132.2,131.1,131.1,131.1,0
157,2021-06-10,132.2,131.1,131.1,131.1,135.5,2
158,2021-06-11,131.1,131.1,131.1,135.5,135.8,0
159,2021-06-12,131.1,131.1,135.5,135.8,138.7,2
160,2021-06-13,131.1,135.5,135.8,138.7,137.8,0
161,2021-06-14,135.5,135.8,138.7,137.8,129.0,1
162,2021-06-15,135.8,138.7,137.8,129.0,129.0,0
163,2021-06-16,138.7,137.8,129.0,129.0,129.0,0
164,2021-06-17,137.8,129.0,129.0,129.0,126.9,1
165,2021-06-18,129.0,129.0,129.0,126.9,127.0,0
166,2021-06-19,129.0,129.0,126.9,127.0,125.6,1
167,2021-06-20,129.0,126.9,127.0,125.6,127.1,2
168,2021-06-21,126.9,127.0,125.6,127.1,127.0,0
169,2021-06-22,127.0,125.6,127.1,127.0,127.0,0
170,2021-06-23,125.6,127.1,127.0,127.0,127.0,0
171,2021-06-24,127.1,127.0,127.0,127.0,127.3,0
172,2021-06-25,127.0,127.0,127.0,127.3,128.0,0
173,2021-06-26,127.0,127.0,127.3,128.0,127.2,0
174,2021-06-27,127.0,127.3,128.0,127.2,129.1,2
175,2021-06-28,127.3,128.0,127.2,129.1,129.1,0
176,2021-06-29,128.0,127.2,129.1,129.1,129.1,0
177,2021-06-30,127.2,129.1,129.1,129.1,129.1,0
178,2021-07-01,129.1,129.1,129.1,129.1,124.1,1
179,2021-07-02,129.1,129.1,129.1,124.1,124.6,0
180,2021-07-03,129.1,129.1,124.1,124.6,127.6,2
181,2021-07-04,129.1,124.1,124.6,127.6,125.3,1
182,2021-07-05,124.1,124.6,127.6,125.3,127.3,2
183,2021-07-06,124.6,127.6,125.3,127.3,127.3,0
184,2021-07-07,127.6,125.3,127.3,127.3,127.3,0
185,2021-07-08,125.3,127.3,127.3,127.3,128.1,0
186,2021-07-09,127.3,127.3,127.3,128.1,128.5,0
187,2021-07-10,127.3,127.3,128.1,128.5,127.1,1
188,2021-07-11,127.3,128.1,128.5,127.1,126.0,1
189,2021-07-12,128.1,128.5,127.1,126.0,126.5,0
190,2021-07-13,128.5,127.1,126.0,126.5,126.5,0
191,2021-07-14,127.1,126.0,126.5,126.5,126.5,0
192,2021-07-15,126.0,126.5,126.5,126.5,124.6,1
193,2021-07-16,126.5,126.5,126.5,124.6,126.2,2
194,2021-07-17,126.5,126.5,124.6,126.2,128.8,2
195,2021-07-18,126.5,124.6,126.2,128.8,129.3,0
196,2021-07-19,124.6,126.2,128.8,129.3,131.7,2
197,2021-07-20,126.2,128.8,129.3,131.7,131.7,0
198,2021-07-21,128.8,129.3,131.7,131.7,131.7,0
199,2021-07-22,129.3,131.7,131.7,131.7,132.2,0
200,2021-07-23,131.7,131.7,131.7,132.2,130.4,1
201,2021-07-24,131.7,131.7,132.2,130.4,131.1,0
202,2021-07-25,131.7,132.2,130.4,131.1,132.9,2
203,2021-07-26,132.2,130.4,131.1,132.9,128.9,1
204,2021-07-27,130.4,131.1,132.9,128.9,128.9,0
205,2021-07-28,131.1,132.9,128.9,128.9,128.9,0
206,2021-07-29,132.9,128.9,128.9,128.9,129.6,0
207,2021-07-30,128.9,128.9,128.9,129.6,128.1,1
208,2021-07-31,128.9,128.9,129.6,128.1,131.0,2
209,2021-08-01,128.9,129.6,128.1,131.0,131.7,0
210,2021-08-02,129.6,128.1,131.0,131.7,130.3,1
211,2021-08-03,128.1,131.0,131.7,130.3,130.3,0
212,2021-08-04,131.0,131.7,130.3,130.3,130.3,0
213,2021-08-05,131.7,130.3,130.3,130.3,133.4,2
214,2021-08-06,130.3,130.3,130.3,133.4,135.7,2
215,2021-08-07,130.3,130.3,133.4,135.7,135.9,0
216,2021-08-08,130.3,133.4,135.7,135.9,136.5,0
217,2021-08-09,133.4,135.7,135.9,136.5,137.9,2
218,2021-08-10,135.7,135.9,136.5,137.9,137.9,0
219,2021-08-11,135.9,136.5,137.9,137.9,137.9,0
220,2021-08-12,136.5,137.9,137.9,137.9,138.2,0
221,2021-08-13,137.9,137.9,137.9,138.2,137.6,0
222,2021-08-14,137.9,137.9,138.2,137.6,140.8,2
223,2021-08-15,137.9,138.2,137.6,140.8,140.0,0
224,2021-08-16,138.2,137.6,140.8,140.0,139.4,0
225,2021-08-17,137.6,140.8,140.0,139.4,139.4,0
226,2021-08-18,140.8,140.0,139.4,139.4,139.4,0
227,2021-08-19,140.0,139.4,139.4,139.4,140.9,2
228,2021-08-20,139.4,139.4,139.4,140.9,140.9,0
229,2021-08-21,139.4,139.4,140.9,140.9,140.1,0
230,2021-08-22,139.4,140.9,140.9,140.1,136.9,1
231,2021-08-23,140.9,140.9,140.1,136.9,137.4,0
232,2021-08-24,140.9,140.1,136.9,137.4,137.4,0
233,2021-08-25,140.1,136.9,137.4,137.4,137.4,0
234,2021-08-26,136.9,137.4,137.4,137.4,138.1,0
235,2021-08-27,137.4,137.4,137.4,138.1,137.6,0
236,2021-08-28,137.4,137.4,138.1,137.6,139.9,2
237,2021-08-29,137.4,138.1,137.6,139.9,141.9,2
238,2021-08-30,138.1,137.6,139.9,141.9,141.2,0
239,2021-08-31,137.6,139.9,141.9,141.2,141.2,0
240,2021-09-01,139.9,141.9,141.2,141.2,141.2,0
241,2021-09-02,141.9,141.2,141.2,141.2,140.9,0
242,2021-09-03,141.2,141.2,141.2,140.9,139.9,1
243,2021-09-04,141.2,141.2,140.9,139.9,141.3,2
244,2021-09-05,141.2,140.9,139.9,141.3,143.2,2
245,2021-09-06,140.9,139.9,141.3,143.2,144.0,0
246,2021-09-07,139.9,141.3,143.2,144.0,144.0,0
247,2021-09-08,141.3,143.2,144.0,144.0,144.0,0
248,2021-09-09,143.2,144.0,144.0,144.0,146.9,2
249,2021-09-10,144.0,144.0,144.0,146.9,147.8,0
250,2021-09-11,144.0,144.0,146.9,147.8,146.7,1
251,2021-09-12,144.0,146.9,147.8,146.7,140.3,1
252,2021-09-13,146.9,147.8,146.7,140.3,144.1,2
253,2021-09-14,147.8,146.7,140.3,144.1,144.1,0
254,2021-09-15,146.7,140.3,144.1,144.1,144.1,0
255,2021-09-16,140.3,144.1,144.1,144.1,139.5,1
256,2021-09-17,144.1,144.1,144.1,139.5,144.7,2
257,2021-09-18,144.1,144.1,139.5,144.7,144.6,0
258,2021-09-19,144.1,139.5,144.7,144.6,145.8,2
259,2021-09-20,139.5,144.7,144.6,145.8,147.5,2
260,2021-09-21,144.7,144.6,145.8,147.5,147.5,0
261,2021-09-22,144.6,145.8,147.5,147.5,147.5,0
262,2021-09-23,145.8,147.5,147.5,147.5,148.8,2
263,2021-09-24,147.5,147.5,147.5,148.8,143.1,1
264,2021-09-25,147.5,147.5,148.8,143.1,144.7,2
265,2021-09-26,147.5,148.8,143.1,144.7,143.2,1
266,2021-09-27,148.8,143.1,144.7,143.2,143.3,0
267,2021-09-28,143.1,144.7,143.2,143.3,143.3,0
268,2021-09-29,144.7,143.2,143.3,143.3,143.3,0
269,2021-09-30,143.2,143.3,143.3,143.3,142.2,1
270,2021-10-01,143.3,143.3,143.3,142.2,141.9,0
271,2021-10-02,143.3,143.3,142.2,141.9,140.9,1
272,2021-10-03,143.3,142.2,141.9,140.9,143.3,2
273,2021-10-04,142.2,141.9,140.9,143.3,144.2,0
274,2021-10-05,141.9,140.9,143.3,144.2,144.2,0
275,2021-10-06,140.9,143.3,144.2,144.2,144.2,0
276,2021-10-07,143.3,144.2,144.2,144.2,141.7,1
277,2021-10-08,144.2,144.2,144.2,141.7,145.3,2
278,2021-10-09,144.2,144.2,141.7,145.3,147.9,2
279,2021-10-10,144.2,141.7,145.3,147.9,148.1,0
280,2021-10-11,141.7,145.3,147.9,148.1,151.5,2
281,2021-10-12,145.3,147.9,148.1,151.5,151.5,0
282,2021-10-13,147.9,148.1,151.5,151.5,151.5,0
283,2021-10-14,148.1,151.5,151.5,151.5,149.1,1
284,2021-10-15,151.5,151.5,151.5,149.1,151.3,2
285,2021-10-16,151.5,151.5,149.1,151.3,156.2,2
286,2021-10-17,151.5,149.1,151.3,156.2,158.5,2
287,2021-10-18,149.1,151.3,156.2,158.5,160.9,2
288,2021-10-19,151.3,156.2,158.5,160.9,160.9,0
289,2021-10-20,156.2,158.5,160.9,160.9,160.9,0
290,2021-10-21,158.5,160.9,160.9,160.9,163.0,2
291,2021-10-22,160.9,160.9,160.9,163.0,162.5,0
292,2021-10-23,160.9,160.9,163.0,162.5,164.7,2
293,2021-10-24,160.9,163.0,162.5,164.7,166.3,2
294,2021-10-25,163.0,162.5,164.7,166.3,166.8,0
295,2021-10-26,162.5,164.7,166.3,166.8,166.8,0
296,2021-10-27,164.7,166.3,166.8,166.8,166.8,0
297,2021-10-28,166.3,166.8,166.8,166.8,166.4,0
298,2021-10-29,166.8,166.8,166.8,166.4,166.8,0
299,2021-10-30,166.8,166.8,166.4,166.8,158.3,1
300,2021-10-31,166.8,166.4,166.8,158.3,158.9,0
301,2021-11-01,166.4,166.8,158.3,158.9,156.2,1
302,2021-11-02,166.8,158.3,158.9,156.2,156.2,0
303,2021-11-03,158.3,158.9,156.2,156.2,156.2,0
304,2021-11-04,158.9,156.2,156.2,156.2,157.7,2
305,2021-11-05,156.2,156.2,156.2,157.7,156.8,0
306,2021-11-06,156.2,156.2,157.7,156.8,159.6,2
307,2021-11-07,156.2,157.7,156.8,159.6,159.2,0
308,2021-11-08,157.7,156.8,159.6,159.2,159.5,0
309,2021-11-09,156.8,159.6,159.2,159.5,159.5,0
310,2021-11-10,159.6,159.2,159.5,159.5,159.5,0
311,2021-11-11,159.2,159.5,159.5,159.5,161.1,2
312,2021-11-12,159.5,159.5,159.5,161.1,161.9,0
313,2021-11-13,159.5,159.5,161.1,161.9,161.1,0
314,2021-11-14,159.5,161.1,161.9,161.1,158.3,1
315,2021-11-15,161.1,161.9,161.1,158.3,158.8,0
316,2021-11-16,161.9,161.1,158.3,158.8,158.8,0
317,2021-11-17,161.1,158.3,158.8,158.8,158.8,0
318,2021-11-18,158.3,158.8,158.8,158.8,160.1,2
319,2021-11-19,158.8,158.8,158.8,160.1,160.0,0
320,2021-11-20,158.8,158.8,160.1,160.0,161.4,2
321,2021-11-21,158.8,160.1,160.0,161.4,162.9,2
322,2021-11-22,160.1,160.0,161.4,162.9,159.6,1
323,2021-11-23,160.0,161.4,162.9,159.6,159.6,0
324,2021-11-24,161.4,162.9,159.6,159.6,159.6,0
325,2021-11-25,162.9,159.6,159.6,159.6,159.9,0
326,2021-11-26,159.6,159.6,159.6,159.9,157.6,1
327,2021-11-27,159.6,159.6,159.9,157.6,157.2,0
328,2021-11-28,159.6,159.9,157.6,157.2,155.8,1
329,2021-11-29,159.9,157.6,157.2,155.8,154.6,1
330,2021-11-30,157.6,157.2,155.8,154.6,154.6,0
331,2021-12-01,157.2,155.8,154.6,154.6,154.6,0
332,2021-12-02,155.8,154.6,154.6,154.6,158.9,2
333,2021-12-03,154.6,154.6,154.6,158.9,161.1,2
334,2021-12-04,154.6,154.6,158.9,161.1,159.4,1
335,2021-12-05,154.6,158.9,161.1,159.4,160.0,0
336,2021-12-06,158.9,161.1,159.4,160.0,159.3,0
337,2021-12-07,161.1,159.4,160.0,159.3,159.3,0
338,2021-12-08,159.4,160.0,159.3,159.3,159.3,0
339,2021-12-09,160.0,159.3,159.3,159.3,158.6,0
340,2021-12-10,159.3,159.3,159.3,158.6,155.7,1
341,2021-12-11,159.3,159.3,158.6,155.7,160.8,2
342,2021-12-12,159.3,158.6,155.7,160.8,160.4,0
343,2021-12-13,158.6,155.7,160.8,160.4,158.6,1
344,2021-12-14,155.7,160.8,160.4,158.6,158.6,0
345,2021-12-15,160.8,160.4,158.6,158.6,158.6,0
346,2021-12-16,160.4,158.6,158.6,158.6,159.8,2
347,2021-12-17,158.6,158.6,158.6,159.8,161.5,2
348,2021-12-18,158.6,158.6,159.8,161.5,165.0,2
349,2021-12-19,158.6,159.8,161.5,165.0,166.9,2
350,2021-12-20,159.8,161.5,165.0,166.9,166.9,0
351,2021-12-21,161.5,165.0,166.9,166.9,166.9,0
352,2021-12-22,165.0,166.9,166.9,166.9,166.9,0
353,2021-12-23,166.9,166.9,166.9,166.9,166.9,0
354,2021-12-24,166.9,166.9,166.9,166.9,167.4,0
355,2021-12-25,166.9,166.9,166.9,167.4,168.1,0
356,2021-12-26,166.9,166.9,167.4,168.1,167.9,0
357,2021-12-27,166.9,167.4,168.1,167.9,167.9,0
358,2021-12-28,167.4,168.1,167.9,167.9,167.9,0
359,2021-12-29,168.1,167.9,167.9,167.9,167.9,0
360,2021-12-30,167.9,167.9,167.9,167.9,172.3,2
361,2021-12-31,167.9,167.9,167.9,172.3,172.9,0
362,2022-01-01,167.9,167.9,172.3,172.9,166.0,1
363,2022-01-02,167.9,172.3,172.9,166.0,164.6,1
364,2022-01-03,172.3,172.9,166.0,164.6,164.8,0
365,2022-01-04,172.9,166.0,164.6,164.8,164.8,0
366,2022-01-05,166.0,164.6,164.8,164.8,164.8,0
367,2022-01-06,164.6,164.8,164.8,164.8,164.5,0
368,2022-01-07,164.8,164.8,164.8,164.5,160.0,1
369,2022-01-08,164.8,164.8,164.5,160.0,159.4,0
370,2022-01-09,164.8,164.5,160.0,159.4,158.9,0
371,2022-01-10,164.5,160.0,159.4,158.9,157.2,1
372,2022-01-11,160.0,159.4,158.9,157.2,157.2,0
373,2022-01-12,159.4,158.9,157.2,157.2,157.2,0
374,2022-01-13,158.9,157.2,157.2,157.2,155.3,1
375,2022-01-14,157.2,157.2,157.2,155.3,152.5,1
376,2022-01-15,157.2,157.2,155.3,152.5,151.3,1
377,2022-01-16,157.2,155.3,152.5,151.3,152.7,2
378,2022-01-17,155.3,152.5,151.3,152.7,150.5,1
379,2022-01-18,152.5,151.3,152.7,150.5,150.5,0
380,2022-01-19,151.3,152.7,150.5,150.5,150.5,0
381,2022-01-20,152.7,150.5,150.5,150.5,151.5,0
382,2022-01-21,150.5,150.5,150.5,151.5,149.8,1
383,2022-01-22,150.5,150.5,151.5,149.8,151.1,2
384,2022-01-23,150.5,151.5,149.8,151.1,152.9,2
385,2022-01-24,151.5,149.8,151.1,152.9,154.5,2
386,2022-01-25,149.8,151.1,152.9,154.5,154.5,0
387,2022-01-26,151.1,152.9,154.5,154.5,154.5,0
388,2022-01-27,152.9,154.5,154.5,154.5,155.5,0
389,2022-01-28,154.5,154.5,154.5,155.5,151.7,1
390,2022-01-29,154.5,154.5,155.5,151.7,153.5,2
391,2022-01-30,154.5,155.5,151.7,153.5,149.6,1
392,2022-01-31,155.5,151.7,153.5,149.6,149.0,0
393,2022-02-01,151.7,153.5,149.6,149.0,149.0,0
394,2022-02-02,153.5,149.6,149.0,149.0,149.0,0
395,2022-02-03,149.6,149.0,149.0,149.0,148.3,0
396,2022-02-04,149.0,149.0,149.0,148.3,146.4,1
397,2022-02-05,149.0,149.0,148.3,146.4,150.0,2
398,2022-02-06,149.0,148.3,146.4,150.0,144.1,1
399,2022-02-07,148.3,146.4,150.0,144.1,143.0,1
400,2022-02-08,146.4,150.0,144.1,143.0,143.0,0
401,2022-02-09,150.0,144.1,143.0,143.0,143.0,0
402,2022-02-10,144.1,143.0,143.0,143.0,138.9,1
403,2022-02-11,143.0,143.0,143.0,138.9,141.2,2
404,2022-02-12,143.0,143.0,138.9,141.2,142.0,0
405,2022-02-13,143.0,138.9,141.2,142.0,142.3,0
406,2022-02-14,138.9,141.2,142.0,142.3,139.7,1
407,2022-02-15,141.2,142.0,142.3,139.7,139.7,0
408,2022-02-16,142.0,142.3,139.7,139.7,139.7,0
409,2022-02-17,142.3,139.7,139.7,139.7,138.0,1
410,2022-02-18,139.7,139.7,139.7,138.0,136.3,1
411,2022-02-19,139.7,139.7,138.0,136.3,132.7,1
412,2022-02-20,139.7,138.0,136.3,132.7,142.7,2
413,2022-02-21,138.0,136.3,132.7,142.7,148.1,2
414,2022-02-22,136.3,132.7,142.7,148.1,148.1,0
415,2022-02-23,132.7,142.7,148.1,148.1,148.1,0
416,2022-02-24,142.7,148.1,148.1,148.1,152.4,2
417,2022-02-25,148.1,148.1,148.1,152.4,148.2,1
418,2022-02-26,148.1,148.1,152.4,148.2,146.0,1
419,2022-02-27,148.1,152.4,148.2,146.0,141.7,1
420,2022-02-28,152.4,148.2,146.0,141.7,140.4,1
421,2022-03-01,148.2,146.0,141.7,140.4,140.4,0
422,2022-03-02,146.0,141.7,140.4,140.4,140.4,0
423,2022-03-03,141.7,140.4,140.4,140.4,145.1,2
424,2022-03-04,140.4,140.4,140.4,145.1,151.9,2
425,2022-03-05,140.4,140.4,145.1,151.9,156.0,2
426,2022-03-06,140.4,145.1,151.9,156.0,156.5,0
427,2022-03-07,145.1,151.9,156.0,156.5,161.0,2
428,2022-03-08,151.9,156.0,156.5,161.0,161.0,0
429,2022-03-09,156.0,156.5,161.0,161.0,161.0,0
430,2022-03-10,156.5,161.0,161.0,161.0,157.1,1
431,2022-03-11,161.0,161.0,161.0,157.1,161.7,2
432,2022-03-12,161.0,161.0,157.1,161.7,159.7,1
433,2022-03-13,161.0,157.1,161.7,159.7,164.0,2
434,2022-03-14,157.1,161.7,159.7,164.0,165.9,2
435,2022-03-15,161.7,159.7,164.0,165.9,165.9,0
436,2022-03-16,159.7,164.0,165.9,165.9,165.9,0
437,2022-03-17,164.0,165.9,165.9,165.9,165.0,0
438,2022-03-18,165.9,165.9,165.9,165.0,166.0,0
439,2022-03-19,165.9,165.9,165.0,166.0,160.8,1
440,2022-03-20,165.9,165.0,166.0,160.8,165.2,2
441,2022-03-21,165.0,166.0,160.8,165.2,167.1,2
442,2022-03-22,166.0,160.8,165.2,167.1,167.1,0
443,2022-03-23,160.8,165.2,167.1,167.1,167.1,0
444,2022-03-24,165.2,167.1,167.1,167.1,171.2,2
445,2022-03-25,167.1,167.1,167.1,171.2,170.1,1
446,2022-03-26,167.1,167.1,171.2,170.1,170.0,0
447,2022-03-27,167.1,171.2,170.1,170.0,172.4,2
448,2022-03-28,171.2,170.1,170.0,172.4,176.2,2
449,2022-03-29,170.1,170.0,172.4,176.2,176.2,0
450,2022-03-30,170.0,172.4,176.2,176.2,176.2,0
451,2022-03-31,172.4,176.2,176.2,176.2,178.4,2
452,2022-04-01,176.2,176.2,176.2,178.4,183.0,2
453,2022-04-02,176.2,176.2,178.4,183.0,185.4,2
454,2022-04-03,176.2,178.4,183.0,185.4,187.4,2
455,2022-04-04,178.4,183.0,185.4,187.4,191.7,2
456,2022-04-05,183.0,185.4,187.4,191.7,191.7,0
457,2022-04-06,185.4,187.4,191.7,191.7,191.7,0
458,2022-04-07,187.4,191.7,191.7,191.7,190.3,1
459,2022-04-08,191.7,191.7,191.7,190.3,190.2,0
460,2022-04-09,191.7,191.7,190.3,190.2,189.9,0
461,2022-04-10,191.7,190.3,190.2,189.9,192.7,2
462,2022-04-11,190.3,190.2,189.9,192.7,192.7,0
463,2022-04-12,190.2,189.9,192.7,192.7,192.7,0
464,2022-04-13,189.9,192.7,192.7,192.7,192.7,0
465,2022-04-14,192.7,192.7,192.7,192.7,192.7,0
466,2022-04-15,192.7,192.7,192.7,192.7,196.7,2
467,2022-04-16,192.7,192.7,192.7,196.7,195.0,1
468,2022-04-17,192.7,192.7,196.7,195.0,188.9,1
469,2022-04-18,192.7,196.7,195.0,188.9,187.9,0
470,2022-04-19,196.7,195.0,188.9,187.9,187.9,0
471,2022-04-20,195.0,188.9,187.9,187.9,187.9,0
472,2022-04-21,188.9,187.9,187.9,187.9,193.0,2
473,2022-04-22,187.9,187.9,187.9,193.0,188.0,1
474,2022-04-23,187.9,187.9,193.0,188.0,192.2,2
475,2022-04-24,187.9,193.0,188.0,192.2,192.0,0
476,2022-04-25,193.0,188.0,192.2,192.0,184.7,1
477,2022-04-26,188.0,192.2,192.0,184.7,184.7,0
478,2022-04-27,192.2,192.0,184.7,184.7,184.7,0
479,2022-04-28,192.0,184.7,184.7,184.7,182.9,1
480,2022-04-29,184.7,184.7,184.7,182.9,185.8,2
481,2022-04-30,184.7,184.7,182.9,185.8,190.1,2
482,2022-05-01,184.7,182.9,185.8,190.1,179.8,1
483,2022-05-02,182.9,185.8,190.1,179.8,180.5,0
484,2022-05-03,185.8,190.1,179.8,180.5,180.5,0
485,2022-05-04,190.1,179.8,180.5,180.5,180.5,0
486,2022-05-05,179.8,180.5,180.5,180.5,173.0,1
487,2022-05-06,180.5,180.5,180.5,173.0,177.3,2
488,2022-05-07,180.5,180.5,173.0,177.3,177.0,0
489,2022-05-08,180.5,173.0,177.3,177.0,176.1,0
490,2022-05-09,173.0,177.3,177.0,176.1,180.7,2
491,2022-05-10,177.3,177.0,176.1,180.7,180.7,0
492,2022-05-11,177.0,176.1,180.7,180.7,180.7,0
493,2022-05-12,176.1,180.7,180.7,180.7,182.9,2
494,2022-05-13,180.7,180.7,180.7,182.9,182.5,0
495,2022-05-14,180.7,180.7,182.9,182.5,178.3,1
496,2022-05-15,180.7,182.9,182.5,178.3,181.6,2
497,2022-05-16,182.9,182.5,178.3,181.6,184.2,2
498,2022-05-17,182.5,178.3,181.6,184.2,184.2,0
499,2022-05-18,178.3,181.6,184.2,184.2,184.2,0
500,2022-05-19,181.6,184.2,184.2,184.2,183.4,0
501,2022-05-20,184.2,184.2,184.2,183.4,189.0,2
502,2022-05-21,184.2,184.2,183.4,189.0,186.7,1
503,2022-05-22,184.2,183.4,189.0,186.7,189.8,2
504,2022-05-23,183.4,189.0,186.7,189.8,185.1,1
505,2022-05-24,189.0,186.7,189.8,185.1,185.1,0
506,2022-05-25,186.7,189.8,185.1,185.1,185.1,0
507,2022-05-26,189.8,185.1,185.1,185.1,180.3,1
508,2022-05-27,185.1,185.1,185.1,180.3,178.3,1
509,2022-05-28,185.1,185.1,180.3,178.3,186.1,2
510,2022-05-29,185.1,180.3,178.3,186.1,187.8,2
511,2022-05-30,180.3,178.3,186.1,187.8,189.0,2
512,2022-05-31,178.3,186.1,187.8,189.0,189.0,0
513,2022-06-01,186.1,187.8,189.0,189.0,189.0,0
514,2022-06-02,187.8,189.0,189.0,189.0,189.2,0
515,2022-06-03,189.0,189.0,189.0,189.2,192.1,2
516,2022-06-04,189.0,189.0,189.2,192.1,187.1,1
517,2022-06-05,189.0,189.2,192.1,187.1,186.3,0
518,2022-06-06,189.2,192.1,187.1,186.3,184.5,1
519,2022-06-07,192.1,187.1,186.3,184.5,184.5,0
520,2022-06-08,187.1,186.3,184.5,184.5,184.5,0
521,2022-06-09,186.3,184.5,184.5,184.5,183.0,1
522,2022-06-10,184.5,184.5,184.5,183.0,177.4,1
523,2022-06-11,184.5,184.5,183.0,177.4,180.6,2
524,2022-06-12,184.5,183.0,177.4,180.6,178.2,1
525,2022-06-13,183.0,177.4,180.6,178.2,177.4,0
526,2022-06-14,177.4,180.6,178.2,177.4,177.4,0
527,2022-06-15,180.6,178.2,177.4,177.4,177.4,0
528,2022-06-16,178.2,177.4,177.4,177.4,179.0,2
529,2022-06-17,177.4,177.4,177.4,179.0,173.6,1
530,2022-06-18,177.4,177.4,179.0,173.6,170.2,1
531,2022-06-19,177.4,179.0,173.6,170.2,173.0,2
532,2022-06-20,179.0,173.6,170.2,173.0,178.8,2
533,2022-06-21,173.6,170.2,173.0,178.8,178.8,0
534,2022-06-22,170.2,173.0,178.8,178.8,178.8,0
535,2022-06-23,173.0,178.8,178.8,178.8,176.2,1
536,2022-06-24,178.8,178.8,178.8,176.2,174.8,1
537,2022-06-25,178.8,178.8,176.2,174.8,175.8,0
538,2022-06-26,178.8,176.2,174.8,175.8,175.1,0
539,2022-06-27,176.2,174.8,175.8,175.1,180.3,2
540,2022-06-28,174.8,175.8,175.1,180.3,180.3,0
541,2022-06-29,175.8,175.1,180.3,180.3,180.3,0
542,2022-06-30,175.1,180.3,180.3,180.3,180.5,0
543,2022-07-01,180.3,180.3,180.3,180.5,176.3,1
544,2022-07-02,180.3,180.3,180.5,176.3,180.5,2
545,2022-07-03,180.3,180.5,176.3,180.5,186.1,2
546,2022-07-04,180.5,176.3,180.5,186.1,188.9,2
547,2022-07-05,176.3,180.5,186.1,188.9,188.9,0
548,2022-07-06,180.5,186.1,188.9,188.9,188.9,0
549,2022-07-07,186.1,188.9,188.9,188.9,192.7,2
550,2022-07-08,188.9,188.9,188.9,192.7,188.7,1
551,2022-07-09,188.9,188.9,192.7,188.7,188.5,0
552,2022-07-10,188.9,192.7,188.7,188.5,178.3,1
553,2022-07-11,192.7,188.7,188.5,178.3,181.5,2
554,2022-07-12,188.7,188.5,178.3,181.5,181.5,0
555,2022-07-13,188.5,178.3,181.5,181.5,181.5,0
556,2022-07-14,178.3,181.5,181.5,181.5,181.1,0
557,2022-07-15,181.5,181.5,181.5,181.1,183.6,2
558,2022-07-16,181.5,181.5,181.1,183.6,179.9,1
559,2022-07-17,181.5,181.1,183.6,179.9,180.7,0
560,2022-07-18,181.1,183.6,179.9,180.7,183.7,2
561,2022-07-19,183.6,179.9,180.7,183.7,183.7,0
562,2022-07-20,179.9,180.7,183.7,183.7,183.7,0
563,2022-07-21,180.7,183.7,183.7,183.7,187.8,2
564,2022-07-22,183.7,183.7,183.7,187.8,190.4,2
565,2022-07-23,183.7,183.7,187.8,190.4,193.2,2
566,2022-07-24,183.7,187.8,190.4,193.2,194.9,2
567,2022-07-25,187.8,190.4,193.2,194.9,202.2,2
568,2022-07-26,190.4,193.2,194.9,202.2,202.2,0
569,2022-07-27,193.2,194.9,202.2,202.2,202.2,0
570,2022-07-28,194.9,202.2,202.2,202.2,196.7,1
571,2022-07-29,202.2,202.2,202.2,196.7,200.4,2
572,2022-07-30,202.2,202.2,196.7,200.4,196.3,1
573,2022-07-31,202.2,196.7,200.4,196.3,194.1,1
574,2022-08-01,196.7,200.4,196.3,194.1,199.5,2
575,2022-08-02,200.4,196.3,194.1,199.5,199.5,0
576,2022-08-03,196.3,194.1,199.5,199.5,199.5,0
577,2022-08-04,194.1,199.5,199.5,199.5,201.4,2
578,2022-08-05,199.5,199.5,199.5,201.4,204.0,2
579,2022-08-06,199.5,199.5,201.4,204.0,202.6,1
580,2022-08-07,199.5,201.4,204.0,202.6,200.4,1
581,2022-08-08,201.4,204.0,202.6,200.4,200.8,0
582,2022-08-09,204.0,202.6,200.4,200.8,200.8,0
583,2022-08-10,202.6,200.4,200.8,200.8,200.8,0
584,2022-08-11,200.4,200.8,200.8,200.8,204.2,2
585,2022-08-12,200.8,200.8,200.8,204.2,207.0,2
586,2022-08-13,200.8,200.8,204.2,207.0,208.8,2
587,2022-08-14,200.8,204.2,207.0,208.8,205.6,1
588,2022-08-15,204.2,207.0,208.8,205.6,206.6,2
589,2022-08-16,207.0,208.8,205.6,206.6,206.6,0
590,2022-08-17,208.8,205.6,206.6,206.6,206.6,0
591,2022-08-18,205.6,206.6,206.6,206.6,210.0,2
592,2022-08-19,206.6,206.6,206.6,210.0,205.6,1
593,2022-08-20,206.6,206.6,210.0,205.6,208.4,2
594,2022-08-21,206.6,210.0,205.6,208.4,210.2,2
595,2022-08-22,210.0,205.6,208.4,210.2,205.0,1
596,2022-08-23,205.6,208.4,210.2,205.0,205.0,0
597,2022-08-24,208.4,210.2,205.0,205.0,205.0,0
598,2022-08-25,210.2,205.0,205.0,205.0,201.8,1
599,2022-08-26,205.0,205.0,205.0,201.8,196.7,1
600,2022-08-27,205.0,205.0,201.8,196.7,193.2,1
601,2022-08-28,205.0,201.8,196.7,193.2,197.3,2
602,2022-08-29,201.8,196.7,193.2,197.3,189.7,1
603,2022-08-30,196.7,193.2,197.3,189.7,189.7,0
604,2022-08-31,193.2,197.3,189.7,189.7,189.7,0
605,2022-09-01,197.3,189.7,189.7,189.7,193.7,2
606,2022-09-02,189.7,189.7,189.7,193.7,193.4,0
607,2022-09-03,189.7,189.7,193.7,193.4,200.0,2
608,2022-09-04,189.7,193.7,193.4,200.0,200.8,0
609,2022-09-05,193.7,193.4,200.0,200.8,200.2,0
610,2022-09-06,193.4,200.0,200.8,200.2,200.2,0
611,2022-09-07,200.0,200.8,200.2,200.2,200.2,0
612,2022-09-08,200.8,200.2,200.2,200.2,200.8,0
613,2022-09-09,200.2,200.2,200.2,200.8,199.5,1
614,2022-09-10,200.2,200.2,200.8,199.5,204.0,2
615,2022-09-11,200.2,200.8,199.5,204.0,203.0,0
616,2022-09-12,200.8,199.5,204.0,203.0,203.2,0
617,2022-09-13,199.5,204.0,203.0,203.2,203.2,0
618,2022-09-14,204.0,203.0,203.2,203.2,203.2,0
619,2022-09-15,203.0,203.2,203.2,203.2,200.6,1
620,2022-09-16,203.2,203.2,203.2,200.6,192.8,1
621,2022-09-17,203.2,203.2,200.6,192.8,195.5,2
622,2022-09-18,203.2,200.6,192.8,195.5,192.2,1
623,2022-09-19,200.6,192.8,195.5,192.2,187.5,1
624,2022-09-20,192.8,195.5,192.2,187.5,187.5,0
625,2022-09-21,195.5,192.2,187.5,187.5,187.5,0
626,2022-09-22,192.2,187.5,187.5,187.5,182.8,1
627,2022-09-23,187.5,187.5,187.5,182.8,184.4,2
628,2022-09-24,187.5,187.5,182.8,184.4,180.0,1
629,2022-09-25,187.5,182.8,184.4,180.0,177.2,1
630,2022-09-26,182.8,184.4,180.0,177.2,177.8,0
631,2022-09-27,184.4,180.0,177.2,177.8,177.8,0
632,2022-09-28,180.0,177.2,177.8,177.8,177.8,0
633,2022-09-29,177.2,177.8,177.8,177.8,183.6,2
634,2022-09-30,177.8,177.8,177.8,183.6,181.0,1
635,2022-10-01,177.8,177.8,183.6,181.0,182.7,2
636,2022-10-02,177.8,183.6,181.0,182.7,181.8,0
637,2022-10-03,183.6,181.0,182.7,181.8,178.0,1
638,2022-10-04,181.0,182.7,181.8,178.0,178.0,0
639,2022-10-05,182.7,181.8,178.0,178.0,178.0,0
640,2022-10-06,181.8,178.0,178.0,178.0,175.5,1
641,2022-10-07,178.0,178.0,178.0,175.5,170.7,1
642,2022-10-08,178.0,178.0,175.5,170.7,167.1,1
643,2022-10-09,178.0,175.5,170.7,167.1,165.7,1
644,2022-10-10,175.5,170.7,167.1,165.7,164.1,1
645,2022-10-11,170.7,167.1,165.7,164.1,164.1,0
646,2022-10-12,167.1,165.7,164.1,164.1,164.1,0
647,2022-10-13,165.7,164.1,164.1,164.1,167.6,2
648,2022-10-14,164.1,164.1,164.1,167.6,170.7,2
649,2022-10-15,164.1,164.1,167.6,170.7,167.5,1
650,2022-10-16,164.1,167.6,170.7,167.5,166.8,0
651,2022-10-17,167.6,170.7,167.5,166.8,167.9,2
652,2022-10-18,170.7,167.5,166.8,167.9,167.9,0
653,2022-10-19,167.5,166.8,167.9,167.9,167.9,0
654,2022-10-20,166.8,167.9,167.9,167.9,170.8,2
655,2022-10-21,167.9,167.9,167.9,170.8,175.8,2
656,2022-10-22,167.9,167.9,170.8,175.8,179.4,2
657,2022-10-23,167.9,170.8,175.8,179.4,183.8,2
658,2022-10-24,170.8,175.8,179.4,183.8,185.6,2
659,2022-10-25,175.8,179.4,183.8,185.6,185.6,0
660,2022-10-26,179.4,183.8,185.6,185.6,185.6,0
661,2022-10-27,183.8,185.6,185.6,185.6,181.8,1
662,2022-10-28,185.6,185.6,185.6,181.8,184.0,2
663,2022-10-29,185.6,185.6,181.8,184.0,184.3,0
664,2022-10-30,185.6,181.8,184.0,184.3,182.2,1
665,2022-10-31,181.8,184.0,184.3,182.2,183.7,2
666,2022-11-01,184.0,184.3,182.2,183.7,183.7,0
667,2022-11-02,184.3,182.2,183.7,183.7,183.7,0
668,2022-11-03,182.2,183.7,183.7,183.7,183.5,0
669,2022-11-04,183.7,183.7,183.7,183.5,180.1,1
670,2022-11-05,183.7,183.7,183.5,180.1,181.4,2
671,2022-11-06,183.7,183.5,180.1,181.4,189.3,2
672,2022-11-07,183.5,180.1,181.4,189.3,188.2,1
673,2022-11-08,180.1,181.4,189.3,188.2,188.2,0
674,2022-11-09,181.4,189.3,188.2,188.2,188.2,0
675,2022-11-10,189.3,188.2,188.2,188.2,187.4,0
676,2022-11-11,188.2,188.2,188.2,187.4,185.9,1
677,2022-11-12,188.2,188.2,187.4,185.9,187.9,2
678,2022-11-13,188.2,187.4,185.9,187.9,186.8,1
679,2022-11-14,187.4,185.9,187.9,186.8,180.6,1
680,2022-11-15,185.9,187.9,186.8,180.6,180.6,0
681,2022-11-16,187.9,186.8,180.6,180.6,180.6,0
682,2022-11-17,186.8,180.6,180.6,180.6,179.8,0
683,2022-11-18,180.6,180.6,180.6,179.8,181.9,2
684,2022-11-19,180.6,180.6,179.8,181.9,182.1,0
685,2022-11-20,180.6,179.8,181.9,182.1,186.7,2
686,2022-11-21,179.8,181.9,182.1,186.7,187.6,0
687,2022-11-22,181.9,182.1,186.7,187.6,187.6,0
688,2022-11-23,182.1,186.7,187.6,187.6,187.6,0
689,2022-11-24,186.7,187.6,187.6,187.6,184.0,1
690,2022-11-25,187.6,187.6,187.6,184.0,182.0,1
691,2022-11-26,187.6,187.6,184.0,182.0,188.4,2
692,2022-11-27,187.6,184.0,182.0,188.4,189.5,2
693,2022-11-28,184.0,182.0,188.4,189.5,180.7,1
694,2022-11-29,182.0,188.4,189.5,180.7,180.7,0
695,2022-11-30,188.4,189.5,180.7,180.7,180.7,0
696,2022-12-01,189.5,180.7,180.7,180.7,180.0,0
697,2022-12-02,180.7,180.7,180.7,180.0,182.0,2
698,2022-12-03,180.7,180.7,180.0,182.0,183.3,2
699,2022-12-04,180.7,180.0,182.0,183.3,176.5,1
700,2022-12-05,180.0,182.0,183.3,176.5,177.4,0
701,2022-12-06,182.0,183.3,176.5,177.4,177.4,0
702,2022-12-07,183.3,176.5,177.4,177.4,177.4,0
703,2022-12-08,176.5,177.4,177.4,177.4,184.1,2
704,2022-12-09,177.4,177.4,177.4,184.1,181.0,1
705,2022-12-10,177.4,177.4,184.1,181.0,182.6,2
706,2022-12-11,177.4,184.1,181.0,182.6,178.7,1
707,2022-12-12,184.1,181.0,182.6,178.7,175.1,1
708,2022-12-13,181.0,182.6,178.7,175.1,175.1,0
709,2022-12-14,182.6,178.7,175.1,175.1,175.1,0
710,2022-12-15,178.7,175.1,175.1,175.1,173.9,1
711,2022-12-16,175.1,175.1,175.1,173.9,174.5,0
712,2022-12-17,175.1,175.1,173.9,174.5,175.0,0
713,2022-12-18,175.1,173.9,174.5,175.0,174.0,1
714,2022-12-19,173.9,174.5,175.0,174.0,174.0,0
715,2022-12-20,174.5,175.0,174.0,174.0,174.0,0
716,2022-12-21,175.0,174.0,174.0,174.0,174.0,0
717,2022-12-22,174.0,174.0,174.0,174.0,174.0,0
718,2022-12-23,174.0,174.0,174.0,174.0,172.6,1
719,2022-12-24,174.0,174.0,174.0,172.6,172.1,0
720,2022-12-25,174.0,174.0,172.6,172.1,173.8,2
721,2022-12-26,174.0,172.6,172.1,173.8,173.3,0
722,2022-12-27,172.6,172.1,173.8,173.3,173.3,0
723,2022-12-28,172.1,173.8,173.3,173.3,173.3,0
724,2022-12-29,173.8,173.3,173.3,173.3,173.4,0
725,2022-12-30,173.3,173.3,173.3,173.4,173.4,0
726,2022-12-31,173.3,173.3,173.4,173.4,175.3,2
727,2023-01-01,173.3,173.4,173.4,175.3,173.2,1
728,2023-01-02,173.4,173.4,175.3,173.2,177.0,2
729,2023-01-03,173.4,175.3,173.2,177.0,177.0,0
730,2023-01-04,175.3,173.2,177.0,177.0,177.0,0
731,2023-01-05,173.2,177.0,177.0,177.0,176.6,0
732,2023-01-06,177.0,177.0,177.0,176.6,181.1,2
733,2023-01-07,177.0,177.0,176.6,181.1,187.2,2
734,2023-01-08,177.0,176.6,181.1,187.2,186.5,0
735,2023-01-09,176.6,181.1,187.2,186.5,188.5,2
736,2023-01-10,181.1,187.2,186.5,188.5,188.5,0
737,2023-01-11,187.2,186.5,188.5,188.5,188.5,0
738,2023-01-12,186.5,188.5,188.5,188.5,189.9,2
739,2023-01-13,188.5,188.5,188.5,189.9,191.1,2
740,2023-01-14,188.5,188.5,189.9,191.1,189.3,1
741,2023-01-15,188.5,189.9,191.1,189.3,187.6,1
742,2023-01-16,189.9,191.1,189.3,187.6,189.0,2
743,2023-01-17,191.1,189.3,187.6,189.0,189.0,0
744,2023-01-18,189.3,187.6,189.0,189.0,189.0,0
745,2023-01-19,187.6,189.0,189.0,189.0,188.3,0
746,2023-01-20,189.0,189.0,189.0,188.3,188.8,0
747,2023-01-21,189.0,189.0,188.3,188.8,187.2,1
748,2023-01-22,189.0,188.3,188.8,187.2,185.0,1
749,2023-01-23,188.3,188.8,187.2,185.0,184.1,0
750,2023-01-24,188.8,187.2,185.0,184.1,184.1,0
751,2023-01-25,187.2,185.0,184.1,184.1,184.1,0
752,2023-01-26,185.0,184.1,184.1,184.1,179.8,1
753,2023-01-27,184.1,184.1,184.1,179.8,178.7,1
754,2023-01-28,184.1,184.1,179.8,178.7,181.6,2
755,2023-01-29,184.1,179.8,178.7,181.6,186.8,2
756,2023-01-30,179.8,178.7,181.6,186.8,183.5,1
757,2023-01-31,178.7,181.6,186.8,183.5,183.5,0
758,2023-02-01,181.6,186.8,183.5,183.5,183.5,0
759,2023-02-02,186.8,183.5,183.5,183.5,184.4,0
760,2023-02-03,183.5,183.5,183.5,184.4,185.7,2
761,2023-02-04,183.5,183.5,184.4,185.7,186.6,0
762,2023-02-05,183.5,184.4,185.7,186.6,184.2,1
763,2023-02-06,184.4,185.7,186.6,184.2,185.5,2
764,2023-02-07,185.7,186.6,184.2,185.5,185.5,0
765,2023-02-08,186.6,184.2,185.5,185.5,185.5,0
766,2023-02-09,184.2,185.5,185.5,185.5,185.8,0
767,2023-02-10,185.5,185.5,185.5,185.8,186.8,2
768,2023-02-11,185.5,185.5,185.8,186.8,187.5,0
769,2023-02-12,185.5,185.8,186.8,187.5,182.9,1
770,2023-02-13,185.8,186.8,187.5,182.9,186.4,2
771,2023-02-14,186.8,187.5,182.9,186.4,186.4,0
772,2023-02-15,187.5,182.9,186.4,186.4,186.4,0
773,2023-02-16,182.9,186.4,186.4,186.4,185.9,0
774,2023-02-17,186.4,186.4,186.4,185.9,185.0,0
775,2023-02-18,186.4,186.4,185.9,185.0,182.6,1
776,2023-02-19,186.4,185.9,185.0,182.6,183.2,0
777,2023-02-20,185.9,185.0,182.6,183.2,183.3,0
778,2023-02-21,185.0,182.6,183.2,183.3,183.3,0
779,2023-02-22,182.6,183.2,183.3,183.3,183.3,0
780,2023-02-23,183.2,183.3,183.3,183.3,184.6,2
781,2023-02-24,183.3,183.3,183.3,184.6,177.8,1
782,2023-02-25,183.3,183.3,184.6,177.8,176.5,1
783,2023-02-26,183.3,184.6,177.8,176.5,176.9,0
784,2023-02-27,184.6,177.8,176.5,176.9,177.8,0
785,2023-02-28,177.8,176.5,176.9,177.8,177.8,0
786,2023-03-01,176.5,176.9,177.8,177.8,177.8,0
787,2023-03-02,176.9,177.8,177.8,177.8,174.9,1
788,2023-03-03,177.8,177.8,177.8,174.9,176.2,2
789,2023-03-04,177.8,177.8,174.9,176.2,177.7,2
790,2023-03-05,177.8,174.9,176.2,177.7,175.2,1
791,2023-03-06,174.9,176.2,177.7,175.2,174.2,1
792,2023-03-07,176.2,177.7,175.2,174.2,174.2,0
793,2023-03-08,177.7,175.2,174.2,174.2,174.2,0
794,2023-03-09,175.2,174.2,174.2,174.2,174.1,0
795,2023-03-10,174.2,174.2,174.2,174.1,176.8,2
796,2023-03-11,174.2,174.2,174.1,176.8,174.4,1
797,2023-03-12,174.2,174.1,176.8,174.4,176.5,2
798,2023-03-13,174.1,176.8,174.4,176.5,176.8,0
799,2023-03-14,176.8,174.4,176.5,176.8,176.8,0
800,2023-03-15,174.4,176.5,176.8,176.8,176.8,0
801,2023-03-16,176.5,176.8,176.8,176.8,179.3,2
802,2023-03-17,176.8,176.8,176.8,179.3,178.9,0
803,2023-03-18,176.8,176.8,179.3,178.9,177.8,1
804,2023-03-19,176.8,179.3,178.9,177.8,178.0,0
805,2023-03-20,179.3,178.9,177.8,178.0,174.0,1
806,2023-03-21,178.9,177.8,178.0,174.0,174.0,0
807,2023-03-22,177.8,178.0,174.0,174.0,174.0,0
808,2023-03-23,178.0,174.0,174.0,174.0,176.1,2
809,2023-03-24,174.0,174.0,174.0,176.1,175.8,0
810,2023-03-25,174.0,174.0,176.1,175.8,179.1,2
811,2023-03-26,174.0,176.1,175.8,179.1,182.0,2
812,2023-03-27,176.1,175.8,179.1,182.0,184.7,2
813,2023-03-28,175.8,179.1,182.0,184.7,184.7,0
814,2023-03-29,179.1,182.0,184.7,184.7,184.7,0
815,2023-03-30,182.0,184.7,184.7,184.7,182.9,1
816,2023-03-31,184.7,184.7,184.7,182.9,183.5,0
817,2023-04-01,184.7,184.7,182.9,183.5,189.1,2
818,2023-04-02,184.7,182.9,183.5,189.1,185.7,1
819,2023-04-03,182.9,183.5,189.1,185.7,185.7,0
820,2023-04-04,183.5,189.1,185.7,185.7,185.7,0
821,2023-04-05,189.1,185.7,185.7,185.7,185.7,0
822,2023-04-06,185.7,185.7,185.7,185.7,185.7,0
823,2023-04-07,185.7,185.7,185.7,185.7,177.55,1
824,2023-04-08,185.7,185.7,185.7,177.55,178.7,2
825,2023-04-09,185.7,185.7,177.55,178.7,178.25,0
826,2023-04-10,185.7,177.55,178.7,178.25,177.05,1
827,2023-04-11,177.55,178.7,178.25,177.05,177.05,0
828,2023-04-12,178.7,178.25,177.05,177.05,177.05,0
829,2023-04-13,178.25,177.05,177.05,177.05,177.6,0
830,2023-04-14,177.05,177.05,177.05,177.6,173.35,1
831,2023-04-15,177.05,177.05,177.6,173.35,175.7,2
832,2023-04-16,177.05,177.6,173.35,175.7,173.85,1
833,2023-04-17,177.6,173.35,175.7,173.85,173.55,0
834,2023-04-18,173.35,175.7,173.85,173.55,173.55,0
835,2023-04-19,175.7,173.85,173.55,173.55,173.55,0
836,2023-04-20,173.85,173.55,173.55,173.55,174.4,0
837,2023-04-21,173.55,173.55,173.55,174.4,172.15,1
838,2023-04-22,173.55,173.55,174.4,172.15,171.75,0
839,2023-04-23,173.55,174.4,172.15,171.75,172.55,0
840,2023-04-24,174.4,172.15,171.75,172.55,168.05,1
841,2023-04-25,172.15,171.75,172.55,168.05,168.05,0
842,2023-04-26,171.75,172.55,168.05,168.05,168.05,0
843,2023-04-27,172.55,168.05,168.05,168.05,168.05,0
844,2023-04-28,168.05,168.05,168.05,168.05,167.6,0
845,2023-04-29,168.05,168.05,168.05,167.6,166.25,1
846,2023-04-30,168.05,168.05,167.6,166.25,167.1,0
847,2023-05-01,168.05,167.6,166.25,167.1,170.25,2
848,2023-05-02,167.6,166.25,167.1,170.25,170.25,0
849,2023-05-03,166.25,167.1,170.25,170.25,170.25,0
850,2023-05-04,167.1,170.25,170.25,170.25,169.5,0
851,2023-05-05,170.25,170.25,170.25,169.5,168.9,0
852,2023-05-06,170.25,170.25,169.5,168.9,170.8,2
853,2023-05-07,170.25,169.5,168.9,170.8,170.45,0
854,2023-05-08,169.5,168.9,170.8,170.45,167.5,1
855,2023-05-09,168.9,170.8,170.45,167.5,167.5,0
856,2023-05-10,170.8,170.45,167.5,167.5,167.5,0
857,2023-05-11,170.45,167.5,167.5,167.5,169.1,2
858,2023-05-12,167.5,167.5,167.5,169.1,167.55,1
859,2023-05-13,167.5,167.5,169.1,167.55,165.7,1
860,2023-05-14,167.5,169.1,167.55,165.7,164.95,0
861,2023-05-15,169.1,167.55,165.7,164.95,166.05,2
862,2023-05-16,167.55,165.7,164.95,166.05,166.05,0
863,2023-05-17,165.7,164.95,166.05,166.05,166.05,0
864,2023-05-18,164.95,166.05,166.05,166.05,166.2,0
865,2023-05-19,166.05,166.05,166.05,166.2,165.25,0
866,2023-05-20,166.05,166.05,166.2,165.25,164.8,0
867,2023-05-21,166.05,166.2,165.25,164.8,161.0,1
868,2023-05-22,166.2,165.25,164.8,161.0,160.15,0
869,2023-05-23,165.25,164.8,161.0,160.15,160.15,0
870,2023-05-24,164.8,161.0,160.15,160.15,160.15,0
871,2023-05-25,161.0,160.15,160.15,160.15,161.25,2
872,2023-05-26,160.15,160.15,160.15,161.25,158.55,1
873,2023-05-27,160.15,160.15,161.25,158.55,151.45,1
874,2023-05-28,160.15,161.25,158.55,151.45,155.05,2
875,2023-05-29,161.25,158.55,151.45,155.05,157.1,2
876,2023-05-30,158.55,151.45,155.05,157.1,157.1,0
877,2023-05-31,151.45,155.05,157.1,157.1,157.1,0
878,2023-06-01,155.05,157.1,157.1,157.1,158.15,0
879,2023-06-02,157.1,157.1,157.1,158.15,159.45,2
880,2023-06-03,157.1,157.1,158.15,159.45,158.15,1
881,2023-06-04,157.1,158.15,159.45,158.15,158.4,0
882,2023-06-05,158.15,159.45,158.15,158.4,159.5,2
883,2023-06-06,159.45,158.15,158.4,159.5,159.5,0
884,2023-06-07,158.15,158.4,159.5,159.5,159.5,0
885,2023-06-08,158.4,159.5,159.5,159.5,162.05,2
886,2023-06-09,159.5,159.5,159.5,162.05,161.5,0
887,2023-06-10,159.5,159.5,162.05,161.5,161.5,0
888,2023-06-11,159.5,162.05,161.5,161.5,163.8,2
889,2023-06-12,162.05,161.5,161.5,163.8,163.05,0
890,2023-06-13,161.5,161.5,163.8,163.05,163.05,0
891,2023-06-14,161.5,163.8,163.05,163.05,163.05,0
892,2023-06-15,163.8,163.05,163.05,163.05,161.75,1
893,2023-06-16,163.05,163.05,163.05,161.75,161.8,0
894,2023-06-17,163.05,163.05,161.75,161.8,158.35,1
895,2023-06-18,163.05,161.75,161.8,158.35,157.2,1
896,2023-06-19,161.75,161.8,158.35,157.2,154.15,1
897,2023-06-20,161.8,158.35,157.2,154.15,154.15,0
898,2023-06-21,158.35,157.2,154.15,154.15,154.15,0
899,2023-06-22,157.2,154.15,154.15,154.15,156.25,2
900,2023-06-23,154.15,154.15,154.15,156.25,158.75,2
901,2023-06-24,154.15,154.15,156.25,158.75,157.55,1
902,2023-06-25,154.15,156.25,158.75,157.55,156.1,1
903,2023-06-26,156.25,158.75,157.55,156.1,155.8,0
904,2023-06-27,158.75,157.55,156.1,155.8,155.8,0
905,2023-06-28,157.55,156.1,155.8,155.8,155.8,0
906,2023-06-29,156.1,155.8,155.8,155.8,152.6,1
907,2023-06-30,155.8,155.8,155.8,152.6,147.85,1
908,2023-07-01,155.8,155.8,152.6,147.85,142.05,1
909,2023-07-02,155.8,152.6,147.85,142.05,139.45,1
910,2023-07-03,152.6,147.85,142.05,139.45,138.35,1
911,2023-07-04,147.85,142.05,139.45,138.35,138.35,0
912,2023-07-05,142.05,139.45,138.35,138.35,138.35,0
913,2023-07-06,139.45,138.35,138.35,138.35,134.3,1
914,2023-07-07,138.35,138.35,138.35,134.3,137.65,2
915,2023-07-08,138.35,138.35,134.3,137.65,137.7,0
916,2023-07-09,138.35,134.3,137.65,137.7,139.1,2
917,2023-07-10,134.3,137.65,137.7,139.1,137.7,1
918,2023-07-11,137.65,137.7,139.1,137.7,137.7,0
919,2023-07-12,137.7,139.1,137.7,137.7,137.7,0
920,2023-07-13,139.1,137.7,137.7,137.7,138.2,0
921,2023-07-14,137.7,137.7,137.7,138.2,139.1,0
922,2023-07-15,137.7,137.7,138.2,139.1,137.75,1
923,2023-07-16,137.7,138.2,139.1,137.75,135.35,1
924,2023-07-17,138.2,139.1,137.75,135.35,140.5,2
925,2023-07-18,139.1,137.75,135.35,140.5,140.5,0
926,2023-07-19,137.75,135.35,140.5,140.5,140.5,0
927,2023-07-20,135.35,140.5,140.5,140.5,141.7,2
928,2023-07-21,140.5,140.5,140.5,141.7,142.0,0
929,2023-07-22,140.5,140.5,141.7,142.0,145.6,2
930,2023-07-23,140.5,141.7,142.0,145.6,143.5,1
931,2023-07-24,141.7,142.0,145.6,143.5,139.5,1
932,2023-07-25,142.0,145.6,143.5,139.5,139.5,0
933,2023-07-26,145.6,143.5,139.5,139.5,139.5,0
934,2023-07-27,143.5,139.5,139.5,139.5,136.3,1
935,2023-07-28,139.5,139.5,139.5,136.3,134.75,1
936,2023-07-29,139.5,139.5,136.3,134.75,133.55,1
937,2023-07-30,139.5,136.3,134.75,133.55,132.0,1
938,2023-07-31,136.3,134.75,133.55,132.0,134.7,2
939,2023-08-01,134.75,133.55,132.0,134.7,134.7,0
940,2023-08-02,133.55,132.0,134.7,134.7,134.7,0
941,2023-08-03,132.0,134.7,134.7,134.7,132.7,1
942,2023-08-04,134.7,134.7,134.7,132.7,132.25,0
943,2023-08-05,134.7,134.7,132.7,132.25,130.8,1
944,2023-08-06,134.7,132.7,132.25,130.8,134.1,2
945,2023-08-07,132.7,132.25,130.8,134.1,132.85,1
946,2023-08-08,132.25,130.8,134.1,132.85,132.85,0
947,2023-08-09,130.8,134.1,132.85,132.85,132.85,0
948,2023-08-10,134.1,132.85,132.85,132.85,131.55,1
949,2023-08-11,132.85,132.85,132.85,131.55,128.3,1
950,2023-08-12,132.85,132.85,131.55,128.3,127.15,1
951,2023-08-13,132.85,131.55,128.3,127.15,123.85,1
952,2023-08-14,131.55,128.3,127.15,123.85,124.9,0
953,2023-08-15,128.3,127.15,123.85,124.9,124.9,0
954,2023-08-16,127.15,123.85,124.9,124.9,124.9,0
955,2023-08-17,123.85,124.9,124.9,124.9,123.4,1
956,2023-08-18,124.9,124.9,124.9,123.4,124.1,0
957,2023-08-19,124.9,124.9,123.4,124.1,125.95,2
958,2023-08-20,124.9,123.4,124.1,125.95,125.25,0
959,2023-08-21,123.4,124.1,125.95,125.25,126.85,2
960,2023-08-22,124.1,125.95,125.25,126.85,126.85,0
961,2023-08-23,125.95,125.25,126.85,126.85,126.85,0
962,2023-08-24,125.25,126.85,126.85,126.85,129.35,2
963,2023-08-25,126.85,126.85,126.85,129.35,133.55,2
964,2023-08-26,126.85,126.85,129.35,133.55,131.85,1
965,2023-08-27,126.85,129.35,133.55,131.85,132.0,0
966,2023-08-28,129.35,133.55,131.85,132.0,130.15,1
967,2023-08-29,133.55,131.85,132.0,130.15,130.15,0
968,2023-08-30,131.85,132.0,130.15,130.15,130.15,0
969,2023-08-31,132.0,130.15,130.15,130.15,127.85,1
970,2023-09-01,130.15,130.15,130.15,127.85,126.2,1
971,2023-09-02,130.15,130.15,127.85,126.2,125.9,0
972,2023-09-03,130.15,127.85,126.2,125.9,127.1,2
973,2023-09-04,127.85,126.2,125.9,127.1,128.4,2
974,2023-09-05,126.2,125.9,127.1,128.4,128.4,0
975,2023-09-06,125.9,127.1,128.4,128.4,128.4,0
976,2023-09-07,127.1,128.4,128.4,128.4,129.55,2
977,2023-09-08,128.4,128.4,128.4,129.55,127.7,1
978,2023-09-09,128.4,128.4,129.55,127.7,126.65,1
979,2023-09-10,128.4,129.55,127.7,126.65,131.25,2
980,2023-09-11,129.55,127.7,126.65,131.25,127.95,1
981,2023-09-12,127.7,126.65,131.25,127.95,127.95,0
982,2023-09-13,126.65,131.25,127.95,127.95,127.95,0
983,2023-09-14,131.25,127.95,127.95,127.95,126.5,1
984,2023-09-15,127.95,127.95,127.95,126.5,126.5,0
985,2023-09-16,127.95,127.95,126.5,126.5,127.85,2
986,2023-09-17,127.95,126.5,126.5,127.85,124.4,1
987,2023-09-18,126.5,126.5,127.85,124.4,124.25,0
988,2023-09-19,126.5,127.85,124.4,124.25,124.25,0
989,2023-09-20,127.85,124.4,124.25,124.25,124.25,0
990,2023-09-21,124.4,124.25,124.25,124.25,120.6,1
991,2023-09-22,124.25,124.25,124.25,120.6,120.8,0
992,2023-09-23,124.25,124.25,120.6,120.8,120.35,0
993,2023-09-24,124.25,120.6,120.8,120.35,121.4,0
994,2023-09-25,120.6,120.8,120.35,121.4,120.45,1
995,2023-09-26,120.8,120.35,121.4,120.45,120.45,0
996,2023-09-27,120.35,121.4,120.45,120.45,120.45,0
997,2023-09-28,121.4,120.45,120.45,120.45,116.1,1
998,2023-09-29,120.45,120.45,120.45,116.1,114.55,1
999,2023-09-30,120.45,120.45,116.1,114.55,113.05,1
1000,2023-10-01,120.45,116.1,114.55,113.05,114.9,2
1001,2023-10-02,116.1,114.55,113.05,114.9,115.2,0
1002,2023-10-03,114.55,113.05,114.9,115.2,115.2,0
1003,2023-10-04,113.05,114.9,115.2,115.2,115.2,0
1004,2023-10-05,114.9,115.2,115.2,115.2,115.05,0
1005,2023-10-06,115.2,115.2,115.2,115.05,116.4,2
1006,2023-10-07,115.2,115.2,115.05,116.4,120.75,2
1007,2023-10-08,115.2,115.05,116.4,120.75,119.15,1
1008,2023-10-09,115.05,116.4,120.75,119.15,118.05,1
1009,2023-10-10,116.4,120.75,119.15,118.05,118.05,0
1010,2023-10-11,120.75,119.15,118.05,118.05,118.05,0
1011,2023-10-12,119.15,118.05,118.05,118.05,118.2,0
1012,2023-10-13,118.05,118.05,118.05,118.2,118.6,0
1013,2023-10-14,118.05,118.05,118.2,118.6,118.85,0
1014,2023-10-15,118.05,118.2,118.6,118.85,119.1,0
1015,2023-10-16,118.2,118.6,118.85,119.1,115.2,1
1016,2023-10-17,118.6,118.85,119.1,115.2,115.2,0
1017,2023-10-18,118.85,119.1,115.2,115.2,115.2,0
1018,2023-10-19,119.1,115.2,115.2,115.2,115.5,0
1019,2023-10-20,115.2,115.2,115.2,115.5,118.45,2
1020,2023-10-21,115.2,115.2,115.5,118.45,115.2,1
1021,2023-10-22,115.2,115.5,118.45,115.2,115.55,0
1022,2023-10-23,115.5,118.45,115.2,115.55,114.4,1
1023,2023-10-24,118.45,115.2,115.55,114.4,114.4,0
1024,2023-10-25,115.2,115.55,114.4,114.4,114.4,0
1025,2023-10-26,115.55,114.4,114.4,114.4,116.45,2
1026,2023-10-27,114.4,114.4,114.4,116.45,119.25,2
1027,2023-10-28,114.4,114.4,116.45,119.25,118.85,0
1028,2023-10-29,114.4,116.45,119.25,118.85,124.25,2
1029,2023-10-30,116.45,119.25,118.85,124.25,127.15,2
1030,2023-10-31,119.25,118.85,124.25,127.15,127.15,0
1031,2023-11-01,118.85,124.25,127.15,127.15,127.15,0
1032,2023-11-02,124.25,127.15,127.15,127.15,127.25,0
1033,2023-11-03,127.15,127.15,127.15,127.25,125.8,1
1034,2023-11-04,127.15,127.15,127.25,125.8,126.1,0
1035,2023-11-05,127.15,127.25,125.8,126.1,127.6,2
1036,2023-11-06,127.25,125.8,126.1,127.6,128.2,0
1037,2023-11-07,125.8,126.1,127.6,128.2,128.2,0
1038,2023-11-08,126.1,127.6,128.2,128.2,128.2,0
1039,2023-11-09,127.6,128.2,128.2,128.2,126.25,1
1040,2023-11-10,128.2,128.2,128.2,126.25,131.1,2
1041,2023-11-11,128.2,128.2,126.25,131.1,131.45,0
1042,2023-11-12,128.2,126.25,131.1,131.45,132.45,0
1043,2023-11-13,126.25,131.1,131.45,132.45,129.25,1
1044,2023-11-14,131.1,131.45,132.45,129.25,129.25,0
1045,2023-11-15,131.45,132.45,129.25,129.25,129.25,0
1046,2023-11-16,132.45,129.25,129.25,129.25,130.2,0
1047,2023-11-17,129.25,129.25,129.25,130.2,124.45,1
1048,2023-11-18,129.25,129.25,130.2,124.45,123.95,0
1049,2023-11-19,129.25,130.2,124.45,123.95,125.6,2
1050,2023-11-20,130.2,124.45,123.95,125.6,123.85,1
1051,2023-11-21,124.45,123.95,125.6,123.85,123.85,0
1052,2023-11-22,123.95,125.6,123.85,123.85,123.85,0
1053,2023-11-23,125.6,123.85,123.85,123.85,126.3,2
1054,2023-11-24,123.85,123.85,123.85,126.3,126.95,0
1055,2023-11-25,123.85,123.85,126.3,126.95,128.8,2
1056,2023-11-26,123.85,126.3,126.95,128.8,129.85,0
1057,2023-11-27,126.3,126.95,128.8,129.85,130.1,0
1058,2023-11-28,126.95,128.8,129.85,130.1,130.1,0
1059,2023-11-29,128.8,129.85,130.1,130.1,130.1,0
1060,2023-11-30,129.85,130.1,130.1,130.1,132.45,2
1061,2023-12-01,130.1,130.1,130.1,132.45,133.45,0
1062,2023-12-02,130.1,130.1,132.45,133.45,134.35,0
1063,2023-12-03,130.1,132.45,133.45,134.35,133.7,0
1064,2023-12-04,132.45,133.45,134.35,133.7,135.55,2
1065,2023-12-05,133.45,134.35,133.7,135.55,135.55,0
1066,2023-12-06,134.35,133.7,135.55,135.55,135.55,0
1067,2023-12-07,133.7,135.55,135.55,135.55,132.65,1
1068,2023-12-08,135.55,135.55,135.55,132.65,130.1,1
1069,2023-12-09,135.55,135.55,132.65,130.1,130.75,0
1070,2023-12-10,135.55,132.65,130.1,130.75,135.85,2
1071,2023-12-11,132.65,130.1,130.75,135.85,134.75,1
1072,2023-12-12,130.1,130.75,135.85,134.75,134.75,0
1073,2023-12-13,130.75,135.85,134.75,134.75,134.75,0
1074,2023-12-14,135.85,134.75,134.75,134.75,132.5,1
1075,2023-12-15,134.75,134.75,134.75,132.5,133.15,0
1076,2023-12-16,134.75,134.75,132.5,133.15,131.8,1
1077,2023-12-17,134.75,132.5,133.15,131.8,133.25,2
1078,2023-12-18,132.5,133.15,131.8,133.25,131.7,1
1079,2023-12-19,133.15,131.8,133.25,131.7,131.7,0
1080,2023-12-20,131.8,133.25,131.7,131.7,131.7,0
1081,2023-12-21,133.25,131.7,131.7,131.7,131.7,0
1082,2023-12-22,131.7,131.7,131.7,131.7,131.7,0
1083,2023-12-23,131.7,131.7,131.7,131.7,133.65,2
1084,2023-12-24,131.7,131.7,131.7,133.65,133.2,0
1085,2023-12-25,131.7,131.7,133.65,133.2,133.55,0
1086,2023-12-26,131.7,133.65,133.2,133.55,133.55,0
1087,2023-12-27,133.65,133.2,133.55,133.55,133.55,0
1088,2023-12-28,133.2,133.55,133.55,133.55,133.55,0
1089,2023-12-29,133.55,133.55,133.55,133.55,131.25,1
1090,2023-12-30,133.55,133.55,133.55,131.25,127.15,1
1091,2023-12-31,133.55,133.55,131.25,127.15,127.65,0
1092,2024-01-01,133.55,131.25,127.15,127.65,126.8,0
1093,2024-01-02,131.25,127.15,127.65,126.8,126.8,0
1094,2024-01-03,127.15,127.65,126.8,126.8,126.8,0
1095,2024-01-04,127.65,126.8,126.8,126.8,126.3,0
1096,2024-01-05,126.8,126.8,126.8,126.3,127.2,0
1097,2024-01-06,126.8,126.8,126.3,127.2,128.8,2
1098,2024-01-07,126.8,126.3,127.2,128.8,128.1,0
1099,2024-01-08,126.3,127.2,128.8,128.1,130.8,2
1100,2024-01-09,127.2,128.8,128.1,130.8,130.8,0
1101,2024-01-10,128.8,128.1,130.8,130.8,130.8,0
1102,2024-01-11,128.1,130.8,130.8,130.8,127.85,1
1103,2024-01-12,130.8,130.8,130.8,127.85,122.35,1
1104,2024-01-13,130.8,130.8,127.85,122.35,116.8,1
1105,2024-01-14,130.8,127.85,122.35,116.8,117.6,0
1106,2024-01-15,127.85,122.35,116.8,117.6,116.15,1
1107,2024-01-16,122.35,116.8,117.6,116.15,116.15,0
1108,2024-01-17,116.8,117.6,116.15,116.15,116.15,0
1109,2024-01-18,117.6,116.15,116.15,116.15,117.7,2
1110,2024-01-19,116.15,116.15,116.15,117.7,120.4,2
1111,2024-01-20,116.15,116.15,117.7,120.4,120.4,0
1112,2024-01-21,116.15,117.7,120.4,120.4,120.95,0
1113,2024-01-22,117.7,120.4,120.4,120.95,121.75,0
1114,2024-01-23,120.4,120.4,120.95,121.75,121.75,0
1115,2024-01-24,120.4,120.95,121.75,121.75,121.75,0
1116,2024-01-25,120.95,121.75,121.75,121.75,121.95,0
1117,2024-01-26,121.75,121.75,121.75,121.95,118.45,1
1118,2024-01-27,121.75,121.75,121.95,118.45,119.85,2
1119,2024-01-28,121.75,121.95,118.45,119.85,119.0,0
1120,2024-01-29,121.95,118.45,119.85,119.0,117.85,1
1121,2024-01-30,118.45,119.85,119.0,117.85,117.85,0
1122,2024-01-31,119.85,119.0,117.85,117.85,117.85,0
1123,2024-02-01,119.0,117.85,117.85,117.85,115.45,1
1124,2024-02-02,117.85,117.85,117.85,115.45,114.5,1
1125,2024-02-03,117.85,117.85,115.45,114.5,114.45,0
1126,2024-02-04,117.85,115.45,114.5,114.45,112.3,1
1127,2024-02-05,115.45,114.5,114.45,112.3,110.45,1
1128,2024-02-06,114.5,114.45,112.3,110.45,110.45,0
1129,2024-02-07,114.45,112.3,110.45,110.45,110.45,0
1130,2024-02-08,112.3,110.45,110.45,110.45,112.2,2
1131,2024-02-09,110.45,110.45,110.45,112.2,109.95,1
1132,2024-02-10,110.45,110.45,112.2,109.95,110.45,0
1133,2024-02-11,110.45,112.2,109.95,110.45,112.4,2
1134,2024-02-12,112.2,109.95,110.45,112.4,109.15,1
1135,2024-02-13,109.95,110.45,112.4,109.15,109.15,0
1136,2024-02-14,110.45,112.4,109.15,109.15,109.15,0
1137,2024-02-15,112.4,109.15,109.15,109.15,107.5,1
1138,2024-02-16,109.15,109.15,109.15,107.5,108.55,0
1139,2024-02-17,109.15,109.15,107.5,108.55,108.3,0
1140,2024-02-18,109.15,107.5,108.55,108.3,106.7,1
1141,2024-02-19,107.5,108.55,108.3,106.7,104.75,1
1142,2024-02-20,108.55,108.3,106.7,104.75,104.75,0
1143,2024-02-21,108.3,106.7,104.75,104.75,104.75,0
1144,2024-02-22,106.7,104.75,104.75,104.75,101.55,1
1145,2024-02-23,104.75,104.75,104.75,101.55,104.2,2
1146,2024-02-24,104.75,104.75,101.55,104.2,100.3,1
1147,2024-02-25,104.75,101.55,104.2,100.3,104.05,2
1148,2024-02-26,101.55,104.2,100.3,104.05,107.0,2
