date,d-4,d-3,d-2,d-1,real,cate
2021-01-04,116.7,116.6,119.4,125.9,127.8,2
2021-01-05,116.6,119.4,125.9,127.8,127.8,0
2021-01-06,119.4,125.9,127.8,127.8,127.8,0
2021-01-07,125.9,127.8,127.8,127.8,124.7,1
2021-01-08,127.8,127.8,127.8,124.7,124.8,0
2021-01-09,127.8,127.8,124.7,124.8,126.6,2
2021-01-10,127.8,124.7,124.8,126.6,126.6,0
2021-01-11,124.7,124.8,126.6,126.6,125.2,1
2021-01-12,124.8,126.6,126.6,125.2,125.2,0
2021-01-13,126.6,126.6,125.2,125.2,125.2,0
2021-01-14,126.6,125.2,125.2,125.2,126.8,2
2021-01-15,125.2,125.2,125.2,126.8,129.2,2
2021-01-16,125.2,125.2,126.8,129.2,128.5,0
2021-01-17,125.2,126.8,129.2,128.5,129.5,0
2021-01-18,126.8,129.2,128.5,129.5,128.6,1
2021-01-19,129.2,128.5,129.5,128.6,128.6,0
2021-01-20,128.5,129.5,128.6,128.6,128.6,0
2021-01-21,129.5,128.6,128.6,128.6,129.1,0
2021-01-22,128.6,128.6,128.6,129.1,132.5,2
2021-01-23,128.6,128.6,129.1,132.5,122.9,1
2021-01-24,128.6,129.1,132.5,122.9,126.7,2
2021-01-25,129.1,132.5,122.9,126.7,123.1,1
2021-01-26,132.5,122.9,126.7,123.1,123.1,0
2021-01-27,122.9,126.7,123.1,123.1,123.1,0
2021-01-28,126.7,123.1,123.1,123.1,125.0,2
2021-01-29,123.1,123.1,123.1,125.0,126.1,0
2021-01-30,123.1,123.1,125.0,126.1,127.3,2
2021-01-31,123.1,125.0,126.1,127.3,127.3,0
2021-02-01,125.0,126.1,127.3,127.3,129.5,2
2021-02-02,126.1,127.3,127.3,129.5,129.5,0
2021-02-03,127.3,127.3,129.5,129.5,129.5,0
2021-02-04,127.3,129.5,129.5,129.5,130.6,0
2021-02-05,129.5,129.5,129.5,130.6,125.1,1
2021-02-06,129.5,129.5,130.6,125.1,124.1,1
2021-02-07,129.5,130.6,125.1,124.1,124.5,0
2021-02-08,130.6,125.1,124.1,124.5,122.8,1
2021-02-09,125.1,124.1,124.5,122.8,122.8,0
2021-02-10,124.1,124.5,122.8,122.8,122.8,0
2021-02-11,124.5,122.8,122.8,122.8,124.2,2
2021-02-12,122.8,122.8,122.8,124.2,125.4,2
2021-02-13,122.8,122.8,124.2,125.4,124.7,0
2021-02-14,122.8,124.2,125.4,124.7,138.6,2
2021-02-15,124.2,125.4,124.7,138.6,143.2,2
2021-02-16,125.4,124.7,138.6,143.2,143.2,0
2021-02-17,124.7,138.6,143.2,143.2,143.2,0
2021-02-18,138.6,143.2,143.2,143.2,136.2,1
2021-02-19,143.2,143.2,143.2,136.2,135.5,0
2021-02-20,143.2,143.2,136.2,135.5,134.7,0
2021-02-21,143.2,136.2,135.5,134.7,134.2,0
2021-02-22,136.2,135.5,134.7,134.2,133.3,0
2021-02-23,135.5,134.7,134.2,133.3,133.3,0
2021-02-24,134.7,134.2,133.3,133.3,133.3,0
2021-02-25,134.2,133.3,133.3,133.3,134.7,2
2021-02-26,133.3,133.3,133.3,134.7,133.3,1
2021-02-27,133.3,133.3,134.7,133.3,127.6,1
2021-02-28,133.3,134.7,133.3,127.6,125.7,1
2021-03-01,134.7,133.3,127.6,125.7,126.7,0
2021-03-02,133.3,127.6,125.7,126.7,126.7,0
2021-03-03,127.6,125.7,126.7,126.7,126.7,0
2021-03-04,125.7,126.7,126.7,126.7,125.2,1
2021-03-05,126.7,126.7,126.7,125.2,130.1,2
2021-03-06,126.7,126.7,125.2,130.1,129.1,1
2021-03-07,126.7,125.2,130.1,129.1,132.3,2
2021-03-08,125.2,130.1,129.1,132.3,130.5,1
2021-03-09,130.1,129.1,132.3,130.5,130.5,0
2021-03-10,129.1,132.3,130.5,130.5,130.5,0
2021-03-11,132.3,130.5,130.5,130.5,136.4,2
2021-03-12,130.5,130.5,130.5,136.4,136.4,0
2021-03-13,130.5,130.5,136.4,136.4,135.7,0
2021-03-14,130.5,136.4,136.4,135.7,134.7,1
2021-03-15,136.4,136.4,135.7,134.7,134.9,0
2021-03-16,136.4,135.7,134.7,134.9,134.9,0
2021-03-17,135.7,134.7,134.9,134.9,134.9,0
2021-03-18,134.7,134.9,134.9,134.9,136.9,2
2021-03-19,134.9,134.9,134.9,136.9,137.7,0
2021-03-20,134.9,134.9,136.9,137.7,137.6,0
2021-03-21,134.9,136.9,137.7,137.6,139.0,2
2021-03-22,136.9,137.7,137.6,139.0,140.8,2
2021-03-23,137.7,137.6,139.0,140.8,140.8,0
2021-03-24,137.6,139.0,140.8,140.8,140.8,0
2021-03-25,139.0,140.8,140.8,140.8,141.1,0
2021-03-26,140.8,140.8,140.8,141.1,142.8,2
2021-03-27,140.8,140.8,141.1,142.8,142.6,0
2021-03-28,140.8,141.1,142.8,142.6,143.9,2
2021-03-29,141.1,142.8,142.6,143.9,143.9,0
2021-03-30,142.8,142.6,143.9,143.9,143.9,0
2021-03-31,142.6,143.9,143.9,143.9,143.9,0
2021-04-01,143.9,143.9,143.9,143.9,143.9,0
2021-04-02,143.9,143.9,143.9,143.9,135.8,1
2021-04-03,143.9,143.9,143.9,135.8,138.0,2
2021-04-04,143.9,143.9,135.8,138.0,140.7,2
2021-04-05,143.9,135.8,138.0,140.7,139.6,1
2021-04-06,135.8,138.0,140.7,139.6,139.6,0
2021-04-07,138.0,140.7,139.6,139.6,139.6,0
2021-04-08,140.7,139.6,139.6,139.6,141.1,2
2021-04-09,139.6,139.6,139.6,141.1,140.6,0
2021-04-10,139.6,139.6,141.1,140.6,138.5,1
2021-04-11,139.6,141.1,140.6,138.5,139.3,0
2021-04-12,141.1,140.6,138.5,139.3,140.9,2
2021-04-13,140.6,138.5,139.3,140.9,140.9,0
2021-04-14,138.5,139.3,140.9,140.9,140.9,0
2021-04-15,139.3,140.9,140.9,140.9,140.3,0
2021-04-16,140.9,140.9,140.9,140.3,139.9,0
2021-04-17,140.9,140.9,140.3,139.9,139.4,0
2021-04-18,140.9,140.3,139.9,139.4,143.0,2
2021-04-19,140.3,139.9,139.4,143.0,144.6,2
2021-04-20,139.9,139.4,143.0,144.6,144.6,0
2021-04-21,139.4,143.0,144.6,144.6,144.6,0
2021-04-22,143.0,144.6,144.6,144.6,144.3,0
2021-04-23,144.6,144.6,144.6,144.3,145.8,2
2021-04-24,144.6,144.6,144.3,145.8,144.5,1
2021-04-25,144.6,144.3,145.8,144.5,145.3,0
2021-04-26,144.3,145.8,144.5,145.3,144.7,0
2021-04-27,145.8,144.5,145.3,144.7,144.7,0
2021-04-28,144.5,145.3,144.7,144.7,144.7,0
2021-04-29,145.3,144.7,144.7,144.7,145.2,0
2021-04-30,144.7,144.7,144.7,145.2,138.6,1
2021-05-01,144.7,144.7,145.2,138.6,139.1,0
2021-05-02,144.7,145.2,138.6,139.1,136.0,1
2021-05-03,145.2,138.6,139.1,136.0,139.2,2
2021-05-04,138.6,139.1,136.0,139.2,139.2,0
2021-05-05,139.1,136.0,139.2,139.2,139.2,0
2021-05-06,136.0,139.2,139.2,139.2,139.1,0
2021-05-07,139.2,139.2,139.2,139.1,133.9,1
2021-05-08,139.2,139.2,139.1,133.9,131.2,1
2021-05-09,139.2,139.1,133.9,131.2,131.4,0
2021-05-10,139.1,133.9,131.2,131.4,135.5,2
2021-05-11,133.9,131.2,131.4,135.5,135.5,0
2021-05-12,131.2,131.4,135.5,135.5,135.5,0
2021-05-13,131.4,135.5,135.5,135.5,135.5,0
2021-05-14,135.5,135.5,135.5,135.5,136.7,2
2021-05-15,135.5,135.5,135.5,136.7,136.6,0
2021-05-16,135.5,135.5,136.7,136.6,137.6,0
2021-05-17,135.5,136.7,136.6,137.6,138.9,2
2021-05-18,136.7,136.6,137.6,138.9,138.9,0
2021-05-19,136.6,137.6,138.9,138.9,138.9,0
2021-05-20,137.6,138.9,138.9,138.9,138.9,0
2021-05-21,138.9,138.9,138.9,138.9,140.4,2
2021-05-22,138.9,138.9,138.9,140.4,142.3,2
2021-05-23,138.9,138.9,140.4,142.3,141.6,0
2021-05-24,138.9,140.4,142.3,141.6,142.3,0
2021-05-25,140.4,142.3,141.6,142.3,142.3,0
2021-05-26,142.3,141.6,142.3,142.3,142.3,0
2021-05-27,141.6,142.3,142.3,142.3,138.5,1
2021-05-28,142.3,142.3,142.3,138.5,137.2,1
2021-05-29,142.3,142.3,138.5,137.2,134.4,1
2021-05-30,142.3,138.5,137.2,134.4,133.9,0
2021-05-31,138.5,137.2,134.4,133.9,134.2,0
2021-06-01,137.2,134.4,133.9,134.2,134.2,0
2021-06-02,134.4,133.9,134.2,134.2,134.2,0
2021-06-03,133.9,134.2,134.2,134.2,136.9,2
2021-06-04,134.2,134.2,134.2,136.9,141.3,2
2021-06-05,134.2,134.2,136.9,141.3,134.9,1
2021-06-06,134.2,136.9,141.3,134.9,132.2,1
2021-06-07,136.9,141.3,134.9,132.2,131.1,1
2021-06-08,141.3,134.9,132.2,131.1,131.1,0
2021-06-09,134.9,132.2,131.1,131.1,131.1,0
2021-06-10,132.2,131.1,131.1,131.1,135.5,2
2021-06-11,131.1,131.1,131.1,135.5,135.8,0
2021-06-12,131.1,131.1,135.5,135.8,138.7,2
2021-06-13,131.1,135.5,135.8,138.7,137.8,0
2021-06-14,135.5,135.8,138.7,137.8,129.0,1
2021-06-15,135.8,138.7,137.8,129.0,129.0,0
2021-06-16,138.7,137.8,129.0,129.0,129.0,0
2021-06-17,137.8,129.0,129.0,129.0,126.9,1
2021-06-18,129.0,129.0,129.0,126.9,127.0,0
2021-06-19,129.0,129.0,126.9,127.0,125.6,1
2021-06-20,129.0,126.9,127.0,125.6,127.1,2
2021-06-21,126.9,127.0,125.6,127.1,127.0,0
2021-06-22,127.0,125.6,127.1,127.0,127.0,0
2021-06-23,125.6,127.1,127.0,127.0,127.0,0
2021-06-24,127.1,127.0,127.0,127.0,127.3,0
2021-06-25,127.0,127.0,127.0,127.3,128.0,0
2021-06-26,127.0,127.0,127.3,128.0,127.2,0
2021-06-27,127.0,127.3,128.0,127.2,129.1,2
2021-06-28,127.3,128.0,127.2,129.1,129.1,0
2021-06-29,128.0,127.2,129.1,129.1,129.1,0
2021-06-30,127.2,129.1,129.1,129.1,129.1,0
2021-07-01,129.1,129.1,129.1,129.1,124.1,1
2021-07-02,129.1,129.1,129.1,124.1,124.6,0
2021-07-03,129.1,129.1,124.1,124.6,127.6,2
2021-07-04,129.1,124.1,124.6,127.6,125.3,1
2021-07-05,124.1,124.6,127.6,125.3,127.3,2
2021-07-06,124.6,127.6,125.3,127.3,127.3,0
2021-07-07,127.6,125.3,127.3,127.3,127.3,0
2021-07-08,125.3,127.3,127.3,127.3,128.1,0
2021-07-09,127.3,127.3,127.3,128.1,128.5,0
2021-07-10,127.3,127.3,128.1,128.5,127.1,1
2021-07-11,127.3,128.1,128.5,127.1,126.0,1
2021-07-12,128.1,128.5,127.1,126.0,126.5,0
2021-07-13,128.5,127.1,126.0,126.5,126.5,0
2021-07-14,127.1,126.0,126.5,126.5,126.5,0
2021-07-15,126.0,126.5,126.5,126.5,124.6,1
2021-07-16,126.5,126.5,126.5,124.6,126.2,2
2021-07-17,126.5,126.5,124.6,126.2,128.8,2
2021-07-18,126.5,124.6,126.2,128.8,129.3,0
2021-07-19,124.6,126.2,128.8,129.3,131.7,2
2021-07-20,126.2,128.8,129.3,131.7,131.7,0
2021-07-21,128.8,129.3,131.7,131.7,131.7,0
2021-07-22,129.3,131.7,131.7,131.7,132.2,0
2021-07-23,131.7,131.7,131.7,132.2,130.4,1
2021-07-24,131.7,131.7,132.2,130.4,131.1,0
2021-07-25,131.7,132.2,130.4,131.1,132.9,2
2021-07-26,132.2,130.4,131.1,132.9,128.9,1
2021-07-27,130.4,131.1,132.9,128.9,128.9,0
2021-07-28,131.1,132.9,128.9,128.9,128.9,0
2021-07-29,132.9,128.9,128.9,128.9,129.6,0
2021-07-30,128.9,128.9,128.9,129.6,128.1,1
2021-07-31,128.9,128.9,129.6,128.1,131.0,2
2021-08-01,128.9,129.6,128.1,131.0,131.7,0
2021-08-02,129.6,128.1,131.0,131.7,130.3,1
2021-08-03,128.1,131.0,131.7,130.3,130.3,0
2021-08-04,131.0,131.7,130.3,130.3,130.3,0
2021-08-05,131.7,130.3,130.3,130.3,133.4,2
2021-08-06,130.3,130.3,130.3,133.4,135.7,2
2021-08-07,130.3,130.3,133.4,135.7,135.9,0
2021-08-08,130.3,133.4,135.7,135.9,136.5,0
2021-08-09,133.4,135.7,135.9,136.5,137.9,2
2021-08-10,135.7,135.9,136.5,137.9,137.9,0
2021-08-11,135.9,136.5,137.9,137.9,137.9,0
2021-08-12,136.5,137.9,137.9,137.9,138.2,0
2021-08-13,137.9,137.9,137.9,138.2,137.6,0
2021-08-14,137.9,137.9,138.2,137.6,140.8,2
2021-08-15,137.9,138.2,137.6,140.8,140.0,0
2021-08-16,138.2,137.6,140.8,140.0,139.4,0
2021-08-17,137.6,140.8,140.0,139.4,139.4,0
2021-08-18,140.8,140.0,139.4,139.4,139.4,0
2021-08-19,140.0,139.4,139.4,139.4,140.9,2
2021-08-20,139.4,139.4,139.4,140.9,140.9,0
2021-08-21,139.4,139.4,140.9,140.9,140.1,0
2021-08-22,139.4,140.9,140.9,140.1,136.9,1
2021-08-23,140.9,140.9,140.1,136.9,137.4,0
2021-08-24,140.9,140.1,136.9,137.4,137.4,0
2021-08-25,140.1,136.9,137.4,137.4,137.4,0
2021-08-26,136.9,137.4,137.4,137.4,138.1,0
2021-08-27,137.4,137.4,137.4,138.1,137.6,0
2021-08-28,137.4,137.4,138.1,137.6,139.9,2
2021-08-29,137.4,138.1,137.6,139.9,141.9,2
2021-08-30,138.1,137.6,139.9,141.9,141.2,0
2021-08-31,137.6,139.9,141.9,141.2,141.2,0
2021-09-01,139.9,141.9,141.2,141.2,141.2,0
2021-09-02,141.9,141.2,141.2,141.2,140.9,0
2021-09-03,141.2,141.2,141.2,140.9,139.9,1
2021-09-04,141.2,141.2,140.9,139.9,141.3,2
2021-09-05,141.2,140.9,139.9,141.3,143.2,2
2021-09-06,140.9,139.9,141.3,143.2,144.0,0
2021-09-07,139.9,141.3,143.2,144.0,144.0,0
2021-09-08,141.3,143.2,144.0,144.0,144.0,0
2021-09-09,143.2,144.0,144.0,144.0,146.9,2
2021-09-10,144.0,144.0,144.0,146.9,147.8,0
2021-09-11,144.0,144.0,146.9,147.8,146.7,1
2021-09-12,144.0,146.9,147.8,146.7,140.3,1
2021-09-13,146.9,147.8,146.7,140.3,144.1,2
2021-09-14,147.8,146.7,140.3,144.1,144.1,0
2021-09-15,146.7,140.3,144.1,144.1,144.1,0
2021-09-16,140.3,144.1,144.1,144.1,139.5,1
2021-09-17,144.1,144.1,144.1,139.5,144.7,2
2021-09-18,144.1,144.1,139.5,144.7,144.6,0
2021-09-19,144.1,139.5,144.7,144.6,145.8,2
2021-09-20,139.5,144.7,144.6,145.8,147.5,2
2021-09-21,144.7,144.6,145.8,147.5,147.5,0
2021-09-22,144.6,145.8,147.5,147.5,147.5,0
2021-09-23,145.8,147.5,147.5,147.5,148.8,2
2021-09-24,147.5,147.5,147.5,148.8,143.1,1
2021-09-25,147.5,147.5,148.8,143.1,144.7,2
2021-09-26,147.5,148.8,143.1,144.7,143.2,1
2021-09-27,148.8,143.1,144.7,143.2,143.3,0
2021-09-28,143.1,144.7,143.2,143.3,143.3,0
2021-09-29,144.7,143.2,143.3,143.3,143.3,0
2021-09-30,143.2,143.3,143.3,143.3,142.2,1
2021-10-01,143.3,143.3,143.3,142.2,141.9,0
2021-10-02,143.3,143.3,142.2,141.9,140.9,1
2021-10-03,143.3,142.2,141.9,140.9,143.3,2
2021-10-04,142.2,141.9,140.9,143.3,144.2,0
2021-10-05,141.9,140.9,143.3,144.2,144.2,0
2021-10-06,140.9,143.3,144.2,144.2,144.2,0
2021-10-07,143.3,144.2,144.2,144.2,141.7,1
2021-10-08,144.2,144.2,144.2,141.7,145.3,2
2021-10-09,144.2,144.2,141.7,145.3,147.9,2
2021-10-10,144.2,141.7,145.3,147.9,148.1,0
2021-10-11,141.7,145.3,147.9,148.1,151.5,2
2021-10-12,145.3,147.9,148.1,151.5,151.5,0
2021-10-13,147.9,148.1,151.5,151.5,151.5,0
2021-10-14,148.1,151.5,151.5,151.5,149.1,1
2021-10-15,151.5,151.5,151.5,149.1,151.3,2
2021-10-16,151.5,151.5,149.1,151.3,156.2,2
2021-10-17,151.5,149.1,151.3,156.2,158.5,2
2021-10-18,149.1,151.3,156.2,158.5,160.9,2
2021-10-19,151.3,156.2,158.5,160.9,160.9,0
2021-10-20,156.2,158.5,160.9,160.9,160.9,0
2021-10-21,158.5,160.9,160.9,160.9,163.0,2
2021-10-22,160.9,160.9,160.9,163.0,162.5,0
2021-10-23,160.9,160.9,163.0,162.5,164.7,2
2021-10-24,160.9,163.0,162.5,164.7,166.3,2
2021-10-25,163.0,162.5,164.7,166.3,166.8,0
2021-10-26,162.5,164.7,166.3,166.8,166.8,0
2021-10-27,164.7,166.3,166.8,166.8,166.8,0
2021-10-28,166.3,166.8,166.8,166.8,166.4,0
2021-10-29,166.8,166.8,166.8,166.4,166.8,0
2021-10-30,166.8,166.8,166.4,166.8,158.3,1
2021-10-31,166.8,166.4,166.8,158.3,158.9,0
2021-11-01,166.4,166.8,158.3,158.9,156.2,1
2021-11-02,166.8,158.3,158.9,156.2,156.2,0
2021-11-03,158.3,158.9,156.2,156.2,156.2,0
2021-11-04,158.9,156.2,156.2,156.2,157.7,2
2021-11-05,156.2,156.2,156.2,157.7,156.8,0
2021-11-06,156.2,156.2,157.7,156.8,159.6,2
2021-11-07,156.2,157.7,156.8,159.6,159.2,0
2021-11-08,157.7,156.8,159.6,159.2,159.5,0
2021-11-09,156.8,159.6,159.2,159.5,159.5,0
2021-11-10,159.6,159.2,159.5,159.5,159.5,0
2021-11-11,159.2,159.5,159.5,159.5,161.1,2
2021-11-12,159.5,159.5,159.5,161.1,161.9,0
2021-11-13,159.5,159.5,161.1,161.9,161.1,0
2021-11-14,159.5,161.1,161.9,161.1,158.3,1
2021-11-15,161.1,161.9,161.1,158.3,158.8,0
2021-11-16,161.9,161.1,158.3,158.8,158.8,0
2021-11-17,161.1,158.3,158.8,158.8,158.8,0
2021-11-18,158.3,158.8,158.8,158.8,160.1,2
2021-11-19,158.8,158.8,158.8,160.1,160.0,0
2021-11-20,158.8,158.8,160.1,160.0,161.4,2
2021-11-21,158.8,160.1,160.0,161.4,162.9,2
2021-11-22,160.1,160.0,161.4,162.9,159.6,1
2021-11-23,160.0,161.4,162.9,159.6,159.6,0
2021-11-24,161.4,162.9,159.6,159.6,159.6,0
2021-11-25,162.9,159.6,159.6,159.6,159.9,0
2021-11-26,159.6,159.6,159.6,159.9,157.6,1
2021-11-27,159.6,159.6,159.9,157.6,157.2,0
2021-11-28,159.6,159.9,157.6,157.2,155.8,1
2021-11-29,159.9,157.6,157.2,155.8,154.6,1
2021-11-30,157.6,157.2,155.8,154.6,154.6,0
2021-12-01,157.2,155.8,154.6,154.6,154.6,0
2021-12-02,155.8,154.6,154.6,154.6,158.9,2
2021-12-03,154.6,154.6,154.6,158.9,161.1,2
2021-12-04,154.6,154.6,158.9,161.1,159.4,1
2021-12-05,154.6,158.9,161.1,159.4,160.0,0
2021-12-06,158.9,161.1,159.4,160.0,159.3,0
2021-12-07,161.1,159.4,160.0,159.3,159.3,0
2021-12-08,159.4,160.0,159.3,159.3,159.3,0
2021-12-09,160.0,159.3,159.3,159.3,158.6,0
2021-12-10,159.3,159.3,159.3,158.6,155.7,1
2021-12-11,159.3,159.3,158.6,155.7,160.8,2
2021-12-12,159.3,158.6,155.7,160.8,160.4,0
2021-12-13,158.6,155.7,160.8,160.4,158.6,1
2021-12-14,155.7,160.8,160.4,158.6,158.6,0
2021-12-15,160.8,160.4,158.6,158.6,158.6,0
2021-12-16,160.4,158.6,158.6,158.6,159.8,2
2021-12-17,158.6,158.6,158.6,159.8,161.5,2
2021-12-18,158.6,158.6,159.8,161.5,165.0,2
2021-12-19,158.6,159.8,161.5,165.0,166.9,2
2021-12-20,159.8,161.5,165.0,166.9,166.9,0
2021-12-21,161.5,165.0,166.9,166.9,166.9,0
2021-12-22,165.0,166.9,166.9,166.9,166.9,0
2021-12-23,166.9,166.9,166.9,166.9,166.9,0
2021-12-24,166.9,166.9,166.9,166.9,167.4,0
2021-12-25,166.9,166.9,166.9,167.4,168.1,0
2021-12-26,166.9,166.9,167.4,168.1,167.9,0
2021-12-27,166.9,167.4,168.1,167.9,167.9,0
2021-12-28,167.4,168.1,167.9,167.9,167.9,0
2021-12-29,168.1,167.9,167.9,167.9,167.9,0
2021-12-30,167.9,167.9,167.9,167.9,172.3,2
2021-12-31,167.9,167.9,167.9,172.3,172.9,0
2022-01-01,167.9,167.9,172.3,172.9,166.0,1
2022-01-02,167.9,172.3,172.9,166.0,164.6,1
2022-01-03,172.3,172.9,166.0,164.6,164.8,0
2022-01-04,172.9,166.0,164.6,164.8,164.8,0
2022-01-05,166.0,164.6,164.8,164.8,164.8,0
2022-01-06,164.6,164.8,164.8,164.8,164.5,0
2022-01-07,164.8,164.8,164.8,164.5,160.0,1
2022-01-08,164.8,164.8,164.5,160.0,159.4,0
2022-01-09,164.8,164.5,160.0,159.4,158.9,0
2022-01-10,164.5,160.0,159.4,158.9,157.2,1
2022-01-11,160.0,159.4,158.9,157.2,157.2,0
2022-01-12,159.4,158.9,157.2,157.2,157.2,0
2022-01-13,158.9,157.2,157.2,157.2,155.3,1
2022-01-14,157.2,157.2,157.2,155.3,152.5,1
2022-01-15,157.2,157.2,155.3,152.5,151.3,1
2022-01-16,157.2,155.3,152.5,151.3,152.7,2
2022-01-17,155.3,152.5,151.3,152.7,150.5,1
2022-01-18,152.5,151.3,152.7,150.5,150.5,0
2022-01-19,151.3,152.7,150.5,150.5,150.5,0
2022-01-20,152.7,150.5,150.5,150.5,151.5,0
2022-01-21,150.5,150.5,150.5,151.5,149.8,1
2022-01-22,150.5,150.5,151.5,149.8,151.1,2
2022-01-23,150.5,151.5,149.8,151.1,152.9,2
2022-01-24,151.5,149.8,151.1,152.9,154.5,2
2022-01-25,149.8,151.1,152.9,154.5,154.5,0
2022-01-26,151.1,152.9,154.5,154.5,154.5,0
2022-01-27,152.9,154.5,154.5,154.5,155.5,0
2022-01-28,154.5,154.5,154.5,155.5,151.7,1
2022-01-29,154.5,154.5,155.5,151.7,153.5,2
2022-01-30,154.5,155.5,151.7,153.5,149.6,1
2022-01-31,155.5,151.7,153.5,149.6,149.0,0
2022-02-01,151.7,153.5,149.6,149.0,149.0,0
2022-02-02,153.5,149.6,149.0,149.0,149.0,0
2022-02-03,149.6,149.0,149.0,149.0,148.3,0
2022-02-04,149.0,149.0,149.0,148.3,146.4,1
2022-02-05,149.0,149.0,148.3,146.4,150.0,2
2022-02-06,149.0,148.3,146.4,150.0,144.1,1
2022-02-07,148.3,146.4,150.0,144.1,143.0,1
2022-02-08,146.4,150.0,144.1,143.0,143.0,0
2022-02-09,150.0,144.1,143.0,143.0,143.0,0
2022-02-10,144.1,143.0,143.0,143.0,138.9,1
2022-02-11,143.0,143.0,143.0,138.9,141.2,2
2022-02-12,143.0,143.0,138.9,141.2,142.0,0
2022-02-13,143.0,138.9,141.2,142.0,142.3,0
2022-02-14,138.9,141.2,142.0,142.3,139.7,1
2022-02-15,141.2,142.0,142.3,139.7,139.7,0
2022-02-16,142.0,142.3,139.7,139.7,139.7,0
2022-02-17,142.3,139.7,139.7,139.7,138.0,1
2022-02-18,139.7,139.7,139.7,138.0,136.3,1
2022-02-19,139.7,139.7,138.0,136.3,132.7,1
2022-02-20,139.7,138.0,136.3,132.7,142.7,2
2022-02-21,138.0,136.3,132.7,142.7,148.1,2
2022-02-22,136.3,132.7,142.7,148.1,148.1,0
2022-02-23,132.7,142.7,148.1,148.1,148.1,0
2022-02-24,142.7,148.1,148.1,148.1,152.4,2
2022-02-25,148.1,148.1,148.1,152.4,148.2,1
2022-02-26,148.1,148.1,152.4,148.2,146.0,1
2022-02-27,148.1,152.4,148.2,146.0,141.7,1
2022-02-28,152.4,148.2,146.0,141.7,140.4,1
2022-03-01,148.2,146.0,141.7,140.4,140.4,0
2022-03-02,146.0,141.7,140.4,140.4,140.4,0
2022-03-03,141.7,140.4,140.4,140.4,145.1,2
2022-03-04,140.4,140.4,140.4,145.1,151.9,2
2022-03-05,140.4,140.4,145.1,151.9,156.0,2
2022-03-06,140.4,145.1,151.9,156.0,156.5,0
2022-03-07,145.1,151.9,156.0,156.5,161.0,2
2022-03-08,151.9,156.0,156.5,161.0,161.0,0
2022-03-09,156.0,156.5,161.0,161.0,161.0,0
2022-03-10,156.5,161.0,161.0,161.0,157.1,1
2022-03-11,161.0,161.0,161.0,157.1,161.7,2
2022-03-12,161.0,161.0,157.1,161.7,159.7,1
2022-03-13,161.0,157.1,161.7,159.7,164.0,2
2022-03-14,157.1,161.7,159.7,164.0,165.9,2
2022-03-15,161.7,159.7,164.0,165.9,165.9,0
2022-03-16,159.7,164.0,165.9,165.9,165.9,0
2022-03-17,164.0,165.9,165.9,165.9,165.0,0
2022-03-18,165.9,165.9,165.9,165.0,166.0,0
2022-03-19,165.9,165.9,165.0,166.0,160.8,1
2022-03-20,165.9,165.0,166.0,160.8,165.2,2
2022-03-21,165.0,166.0,160.8,165.2,167.1,2
2022-03-22,166.0,160.8,165.2,167.1,167.1,0
2022-03-23,160.8,165.2,167.1,167.1,167.1,0
2022-03-24,165.2,167.1,167.1,167.1,171.2,2
2022-03-25,167.1,167.1,167.1,171.2,170.1,1
2022-03-26,167.1,167.1,171.2,170.1,170.0,0
2022-03-27,167.1,171.2,170.1,170.0,172.4,2
2022-03-28,171.2,170.1,170.0,172.4,176.2,2
2022-03-29,170.1,170.0,172.4,176.2,176.2,0
2022-03-30,170.0,172.4,176.2,176.2,176.2,0
2022-03-31,172.4,176.2,176.2,176.2,178.4,2
2022-04-01,176.2,176.2,176.2,178.4,183.0,2
2022-04-02,176.2,176.2,178.4,183.0,185.4,2
2022-04-03,176.2,178.4,183.0,185.4,187.4,2
2022-04-04,178.4,183.0,185.4,187.4,191.7,2
2022-04-05,183.0,185.4,187.4,191.7,191.7,0
2022-04-06,185.4,187.4,191.7,191.7,191.7,0
2022-04-07,187.4,191.7,191.7,191.7,190.3,1
2022-04-08,191.7,191.7,191.7,190.3,190.2,0
2022-04-09,191.7,191.7,190.3,190.2,189.9,0
2022-04-10,191.7,190.3,190.2,189.9,192.7,2
2022-04-11,190.3,190.2,189.9,192.7,192.7,0
2022-04-12,190.2,189.9,192.7,192.7,192.7,0
2022-04-13,189.9,192.7,192.7,192.7,192.7,0
2022-04-14,192.7,192.7,192.7,192.7,192.7,0
2022-04-15,192.7,192.7,192.7,192.7,196.7,2
2022-04-16,192.7,192.7,192.7,196.7,195.0,1
2022-04-17,192.7,192.7,196.7,195.0,188.9,1
2022-04-18,192.7,196.7,195.0,188.9,187.9,0
2022-04-19,196.7,195.0,188.9,187.9,187.9,0
2022-04-20,195.0,188.9,187.9,187.9,187.9,0
2022-04-21,188.9,187.9,187.9,187.9,193.0,2
2022-04-22,187.9,187.9,187.9,193.0,188.0,1
2022-04-23,187.9,187.9,193.0,188.0,192.2,2
2022-04-24,187.9,193.0,188.0,192.2,192.0,0
2022-04-25,193.0,188.0,192.2,192.0,184.7,1
2022-04-26,188.0,192.2,192.0,184.7,184.7,0
2022-04-27,192.2,192.0,184.7,184.7,184.7,0
2022-04-28,192.0,184.7,184.7,184.7,182.9,1
2022-04-29,184.7,184.7,184.7,182.9,185.8,2
2022-04-30,184.7,184.7,182.9,185.8,190.1,2
2022-05-01,184.7,182.9,185.8,190.1,179.8,1
2022-05-02,182.9,185.8,190.1,179.8,180.5,0
2022-05-03,185.8,190.1,179.8,180.5,180.5,0
2022-05-04,190.1,179.8,180.5,180.5,180.5,0
2022-05-05,179.8,180.5,180.5,180.5,173.0,1
2022-05-06,180.5,180.5,180.5,173.0,177.3,2
2022-05-07,180.5,180.5,173.0,177.3,177.0,0
2022-05-08,180.5,173.0,177.3,177.0,176.1,0
2022-05-09,173.0,177.3,177.0,176.1,180.7,2
2022-05-10,177.3,177.0,176.1,180.7,180.7,0
2022-05-11,177.0,176.1,180.7,180.7,180.7,0
2022-05-12,176.1,180.7,180.7,180.7,182.9,2
2022-05-13,180.7,180.7,180.7,182.9,182.5,0
2022-05-14,180.7,180.7,182.9,182.5,178.3,1
2022-05-15,180.7,182.9,182.5,178.3,181.6,2
2022-05-16,182.9,182.5,178.3,181.6,184.2,2
2022-05-17,182.5,178.3,181.6,184.2,184.2,0
2022-05-18,178.3,181.6,184.2,184.2,184.2,0
2022-05-19,181.6,184.2,184.2,184.2,183.4,0
2022-05-20,184.2,184.2,184.2,183.4,189.0,2
2022-05-21,184.2,184.2,183.4,189.0,186.7,1
2022-05-22,184.2,183.4,189.0,186.7,189.8,2
2022-05-23,183.4,189.0,186.7,189.8,185.1,1
2022-05-24,189.0,186.7,189.8,185.1,185.1,0
2022-05-25,186.7,189.8,185.1,185.1,185.1,0
2022-05-26,189.8,185.1,185.1,185.1,180.3,1
2022-05-27,185.1,185.1,185.1,180.3,178.3,1
2022-05-28,185.1,185.1,180.3,178.3,186.1,2
2022-05-29,185.1,180.3,178.3,186.1,187.8,2
2022-05-30,180.3,178.3,186.1,187.8,189.0,2
2022-05-31,178.3,186.1,187.8,189.0,189.0,0
2022-06-01,186.1,187.8,189.0,189.0,189.0,0
2022-06-02,187.8,189.0,189.0,189.0,189.2,0
2022-06-03,189.0,189.0,189.0,189.2,192.1,2
2022-06-04,189.0,189.0,189.2,192.1,187.1,1
2022-06-05,189.0,189.2,192.1,187.1,186.3,0
2022-06-06,189.2,192.1,187.1,186.3,184.5,1
2022-06-07,192.1,187.1,186.3,184.5,184.5,0
2022-06-08,187.1,186.3,184.5,184.5,184.5,0
2022-06-09,186.3,184.5,184.5,184.5,183.0,1
2022-06-10,184.5,184.5,184.5,183.0,177.4,1
2022-06-11,184.5,184.5,183.0,177.4,180.6,2
2022-06-12,184.5,183.0,177.4,180.6,178.2,1
2022-06-13,183.0,177.4,180.6,178.2,177.4,0
2022-06-14,177.4,180.6,178.2,177.4,177.4,0
2022-06-15,180.6,178.2,177.4,177.4,177.4,0
2022-06-16,178.2,177.4,177.4,177.4,179.0,2
2022-06-17,177.4,177.4,177.4,179.0,173.6,1
2022-06-18,177.4,177.4,179.0,173.6,170.2,1
2022-06-19,177.4,179.0,173.6,170.2,173.0,2
2022-06-20,179.0,173.6,170.2,173.0,178.8,2
2022-06-21,173.6,170.2,173.0,178.8,178.8,0
2022-06-22,170.2,173.0,178.8,178.8,178.8,0
2022-06-23,173.0,178.8,178.8,178.8,176.2,1
2022-06-24,178.8,178.8,178.8,176.2,174.8,1
2022-06-25,178.8,178.8,176.2,174.8,175.8,0
2022-06-26,178.8,176.2,174.8,175.8,175.1,0
2022-06-27,176.2,174.8,175.8,175.1,180.3,2
2022-06-28,174.8,175.8,175.1,180.3,180.3,0
2022-06-29,175.8,175.1,180.3,180.3,180.3,0
2022-06-30,175.1,180.3,180.3,180.3,180.5,0
2022-07-01,180.3,180.3,180.3,180.5,176.3,1
2022-07-02,180.3,180.3,180.5,176.3,180.5,2
2022-07-03,180.3,180.5,176.3,180.5,186.1,2
2022-07-04,180.5,176.3,180.5,186.1,188.9,2
2022-07-05,176.3,180.5,186.1,188.9,188.9,0
2022-07-06,180.5,186.1,188.9,188.9,188.9,0
2022-07-07,186.1,188.9,188.9,188.9,192.7,2
2022-07-08,188.9,188.9,188.9,192.7,188.7,1
2022-07-09,188.9,188.9,192.7,188.7,188.5,0
2022-07-10,188.9,192.7,188.7,188.5,178.3,1
2022-07-11,192.7,188.7,188.5,178.3,181.5,2
2022-07-12,188.7,188.5,178.3,181.5,181.5,0
2022-07-13,188.5,178.3,181.5,181.5,181.5,0
2022-07-14,178.3,181.5,181.5,181.5,181.1,0
2022-07-15,181.5,181.5,181.5,181.1,183.6,2
2022-07-16,181.5,181.5,181.1,183.6,179.9,1
2022-07-17,181.5,181.1,183.6,179.9,180.7,0
2022-07-18,181.1,183.6,179.9,180.7,183.7,2
2022-07-19,183.6,179.9,180.7,183.7,183.7,0
2022-07-20,179.9,180.7,183.7,183.7,183.7,0
2022-07-21,180.7,183.7,183.7,183.7,187.8,2
2022-07-22,183.7,183.7,183.7,187.8,190.4,2
2022-07-23,183.7,183.7,187.8,190.4,193.2,2
2022-07-24,183.7,187.8,190.4,193.2,194.9,2
2022-07-25,187.8,190.4,193.2,194.9,202.2,2
2022-07-26,190.4,193.2,194.9,202.2,202.2,0
2022-07-27,193.2,194.9,202.2,202.2,202.2,0
2022-07-28,194.9,202.2,202.2,202.2,196.7,1
2022-07-29,202.2,202.2,202.2,196.7,200.4,2
2022-07-30,202.2,202.2,196.7,200.4,196.3,1
2022-07-31,202.2,196.7,200.4,196.3,194.1,1
2022-08-01,196.7,200.4,196.3,194.1,199.5,2
2022-08-02,200.4,196.3,194.1,199.5,199.5,0
2022-08-03,196.3,194.1,199.5,199.5,199.5,0
2022-08-04,194.1,199.5,199.5,199.5,201.4,2
2022-08-05,199.5,199.5,199.5,201.4,204.0,2
2022-08-06,199.5,199.5,201.4,204.0,202.6,1
2022-08-07,199.5,201.4,204.0,202.6,200.4,1
2022-08-08,201.4,204.0,202.6,200.4,200.8,0
2022-08-09,204.0,202.6,200.4,200.8,200.8,0
2022-08-10,202.6,200.4,200.8,200.8,200.8,0
2022-08-11,200.4,200.8,200.8,200.8,204.2,2
2022-08-12,200.8,200.8,200.8,204.2,207.0,2
2022-08-13,200.8,200.8,204.2,207.0,208.8,2
2022-08-14,200.8,204.2,207.0,208.8,205.6,1
2022-08-15,204.2,207.0,208.8,205.6,206.6,2
2022-08-16,207.0,208.8,205.6,206.6,206.6,0
2022-08-17,208.8,205.6,206.6,206.6,206.6,0
2022-08-18,205.6,206.6,206.6,206.6,210.0,2
2022-08-19,206.6,206.6,206.6,210.0,205.6,1
2022-08-20,206.6,206.6,210.0,205.6,208.4,2
2022-08-21,206.6,210.0,205.6,208.4,210.2,2
2022-08-22,210.0,205.6,208.4,210.2,205.0,1
2022-08-23,205.6,208.4,210.2,205.0,205.0,0
2022-08-24,208.4,210.2,205.0,205.0,205.0,0
2022-08-25,210.2,205.0,205.0,205.0,201.8,1
2022-08-26,205.0,205.0,205.0,201.8,196.7,1
2022-08-27,205.0,205.0,201.8,196.7,193.2,1
2022-08-28,205.0,201.8,196.7,193.2,197.3,2
2022-08-29,201.8,196.7,193.2,197.3,189.7,1
2022-08-30,196.7,193.2,197.3,189.7,189.7,0
2022-08-31,193.2,197.3,189.7,189.7,189.7,0
2022-09-01,197.3,189.7,189.7,189.7,193.7,2
2022-09-02,189.7,189.7,189.7,193.7,193.4,0
2022-09-03,189.7,189.7,193.7,193.4,200.0,2
2022-09-04,189.7,193.7,193.4,200.0,200.8,0
2022-09-05,193.7,193.4,200.0,200.8,200.2,0
2022-09-06,193.4,200.0,200.8,200.2,200.2,0
2022-09-07,200.0,200.8,200.2,200.2,200.2,0
2022-09-08,200.8,200.2,200.2,200.2,200.8,0
2022-09-09,200.2,200.2,200.2,200.8,199.5,1
2022-09-10,200.2,200.2,200.8,199.5,204.0,2
2022-09-11,200.2,200.8,199.5,204.0,203.0,0
2022-09-12,200.8,199.5,204.0,203.0,203.2,0
2022-09-13,199.5,204.0,203.0,203.2,203.2,0
2022-09-14,204.0,203.0,203.2,203.2,203.2,0
2022-09-15,203.0,203.2,203.2,203.2,200.6,1
2022-09-16,203.2,203.2,203.2,200.6,192.8,1
2022-09-17,203.2,203.2,200.6,192.8,195.5,2
2022-09-18,203.2,200.6,192.8,195.5,192.2,1
2022-09-19,200.6,192.8,195.5,192.2,187.5,1
2022-09-20,192.8,195.5,192.2,187.5,187.5,0
2022-09-21,195.5,192.2,187.5,187.5,187.5,0
2022-09-22,192.2,187.5,187.5,187.5,182.8,1
2022-09-23,187.5,187.5,187.5,182.8,184.4,2
2022-09-24,187.5,187.5,182.8,184.4,180.0,1
2022-09-25,187.5,182.8,184.4,180.0,177.2,1
2022-09-26,182.8,184.4,180.0,177.2,177.8,0
2022-09-27,184.4,180.0,177.2,177.8,177.8,0
2022-09-28,180.0,177.2,177.8,177.8,177.8,0
2022-09-29,177.2,177.8,177.8,177.8,183.6,2
2022-09-30,177.8,177.8,177.8,183.6,181.0,1
2022-10-01,177.8,177.8,183.6,181.0,182.7,2
2022-10-02,177.8,183.6,181.0,182.7,181.8,0
2022-10-03,183.6,181.0,182.7,181.8,178.0,1
2022-10-04,181.0,182.7,181.8,178.0,178.0,0
2022-10-05,182.7,181.8,178.0,178.0,178.0,0
2022-10-06,181.8,178.0,178.0,178.0,175.5,1
2022-10-07,178.0,178.0,178.0,175.5,170.7,1
2022-10-08,178.0,178.0,175.5,170.7,167.1,1
2022-10-09,178.0,175.5,170.7,167.1,165.7,1
2022-10-10,175.5,170.7,167.1,165.7,164.1,1
2022-10-11,170.7,167.1,165.7,164.1,164.1,0
2022-10-12,167.1,165.7,164.1,164.1,164.1,0
2022-10-13,165.7,164.1,164.1,164.1,167.6,2
2022-10-14,164.1,164.1,164.1,167.6,170.7,2
2022-10-15,164.1,164.1,167.6,170.7,167.5,1
2022-10-16,164.1,167.6,170.7,167.5,166.8,0
2022-10-17,167.6,170.7,167.5,166.8,167.9,2
2022-10-18,170.7,167.5,166.8,167.9,167.9,0
2022-10-19,167.5,166.8,167.9,167.9,167.9,0
2022-10-20,166.8,167.9,167.9,167.9,170.8,2
2022-10-21,167.9,167.9,167.9,170.8,175.8,2
2022-10-22,167.9,167.9,170.8,175.8,179.4,2
2022-10-23,167.9,170.8,175.8,179.4,183.8,2
2022-10-24,170.8,175.8,179.4,183.8,185.6,2
2022-10-25,175.8,179.4,183.8,185.6,185.6,0
2022-10-26,179.4,183.8,185.6,185.6,185.6,0
2022-10-27,183.8,185.6,185.6,185.6,181.8,1
2022-10-28,185.6,185.6,185.6,181.8,184.0,2
2022-10-29,185.6,185.6,181.8,184.0,184.3,0
2022-10-30,185.6,181.8,184.0,184.3,182.2,1
2022-10-31,181.8,184.0,184.3,182.2,183.7,2
2022-11-01,184.0,184.3,182.2,183.7,183.7,0
2022-11-02,184.3,182.2,183.7,183.7,183.7,0
2022-11-03,182.2,183.7,183.7,183.7,183.5,0
2022-11-04,183.7,183.7,183.7,183.5,180.1,1
2022-11-05,183.7,183.7,183.5,180.1,181.4,2
2022-11-06,183.7,183.5,180.1,181.4,189.3,2
2022-11-07,183.5,180.1,181.4,189.3,188.2,1
2022-11-08,180.1,181.4,189.3,188.2,188.2,0
2022-11-09,181.4,189.3,188.2,188.2,188.2,0
2022-11-10,189.3,188.2,188.2,188.2,187.4,0
2022-11-11,188.2,188.2,188.2,187.4,185.9,1
2022-11-12,188.2,188.2,187.4,185.9,187.9,2
2022-11-13,188.2,187.4,185.9,187.9,186.8,1
2022-11-14,187.4,185.9,187.9,186.8,180.6,1
2022-11-15,185.9,187.9,186.8,180.6,180.6,0
2022-11-16,187.9,186.8,180.6,180.6,180.6,0
2022-11-17,186.8,180.6,180.6,180.6,179.8,0
2022-11-18,180.6,180.6,180.6,179.8,181.9,2
2022-11-19,180.6,180.6,179.8,181.9,182.1,0
2022-11-20,180.6,179.8,181.9,182.1,186.7,2
2022-11-21,179.8,181.9,182.1,186.7,187.6,0
2022-11-22,181.9,182.1,186.7,187.6,187.6,0
2022-11-23,182.1,186.7,187.6,187.6,187.6,0
2022-11-24,186.7,187.6,187.6,187.6,184.0,1
2022-11-25,187.6,187.6,187.6,184.0,182.0,1
2022-11-26,187.6,187.6,184.0,182.0,188.4,2
2022-11-27,187.6,184.0,182.0,188.4,189.5,2
2022-11-28,184.0,182.0,188.4,189.5,180.7,1
2022-11-29,182.0,188.4,189.5,180.7,180.7,0
2022-11-30,188.4,189.5,180.7,180.7,180.7,0
2022-12-01,189.5,180.7,180.7,180.7,180.0,0
2022-12-02,180.7,180.7,180.7,180.0,182.0,2
2022-12-03,180.7,180.7,180.0,182.0,183.3,2
2022-12-04,180.7,180.0,182.0,183.3,176.5,1
2022-12-05,180.0,182.0,183.3,176.5,177.4,0
2022-12-06,182.0,183.3,176.5,177.4,177.4,0
2022-12-07,183.3,176.5,177.4,177.4,177.4,0
2022-12-08,176.5,177.4,177.4,177.4,184.1,2
2022-12-09,177.4,177.4,177.4,184.1,181.0,1
2022-12-10,177.4,177.4,184.1,181.0,182.6,2
2022-12-11,177.4,184.1,181.0,182.6,178.7,1
2022-12-12,184.1,181.0,182.6,178.7,175.1,1
2022-12-13,181.0,182.6,178.7,175.1,175.1,0
2022-12-14,182.6,178.7,175.1,175.1,175.1,0
2022-12-15,178.7,175.1,175.1,175.1,173.9,1
2022-12-16,175.1,175.1,175.1,173.9,174.5,0
2022-12-17,175.1,175.1,173.9,174.5,175.0,0
2022-12-18,175.1,173.9,174.5,175.0,174.0,1
2022-12-19,173.9,174.5,175.0,174.0,174.0,0
2022-12-20,174.5,175.0,174.0,174.0,174.0,0
2022-12-21,175.0,174.0,174.0,174.0,174.0,0
2022-12-22,174.0,174.0,174.0,174.0,174.0,0
2022-12-23,174.0,174.0,174.0,174.0,172.6,1
2022-12-24,174.0,174.0,174.0,172.6,172.1,0
2022-12-25,174.0,174.0,172.6,172.1,173.8,2
2022-12-26,174.0,172.6,172.1,173.8,173.3,0
2022-12-27,172.6,172.1,173.8,173.3,173.3,0
2022-12-28,172.1,173.8,173.3,173.3,173.3,0
2022-12-29,173.8,173.3,173.3,173.3,173.4,0
2022-12-30,173.3,173.3,173.3,173.4,173.4,0
2022-12-31,173.3,173.3,173.4,173.4,175.3,2
2023-01-01,173.3,173.4,173.4,175.3,173.2,1
2023-01-02,173.4,173.4,175.3,173.2,177.0,2
2023-01-03,173.4,175.3,173.2,177.0,177.0,0
2023-01-04,175.3,173.2,177.0,177.0,177.0,0
2023-01-05,173.2,177.0,177.0,177.0,176.6,0
2023-01-06,177.0,177.0,177.0,176.6,181.1,2
2023-01-07,177.0,177.0,176.6,181.1,187.2,2
2023-01-08,177.0,176.6,181.1,187.2,186.5,0
2023-01-09,176.6,181.1,187.2,186.5,188.5,2
2023-01-10,181.1,187.2,186.5,188.5,188.5,0
2023-01-11,187.2,186.5,188.5,188.5,188.5,0
2023-01-12,186.5,188.5,188.5,188.5,189.9,2
2023-01-13,188.5,188.5,188.5,189.9,191.1,2
2023-01-14,188.5,188.5,189.9,191.1,189.3,1
2023-01-15,188.5,189.9,191.1,189.3,187.6,1
2023-01-16,189.9,191.1,189.3,187.6,189.0,2
2023-01-17,191.1,189.3,187.6,189.0,189.0,0
2023-01-18,189.3,187.6,189.0,189.0,189.0,0
2023-01-19,187.6,189.0,189.0,189.0,188.3,0
2023-01-20,189.0,189.0,189.0,188.3,188.8,0
2023-01-21,189.0,189.0,188.3,188.8,187.2,1
2023-01-22,189.0,188.3,188.8,187.2,185.0,1
2023-01-23,188.3,188.8,187.2,185.0,184.1,0
2023-01-24,188.8,187.2,185.0,184.1,184.1,0
2023-01-25,187.2,185.0,184.1,184.1,184.1,0
2023-01-26,185.0,184.1,184.1,184.1,179.8,1
2023-01-27,184.1,184.1,184.1,179.8,178.7,1
2023-01-28,184.1,184.1,179.8,178.7,181.6,2
2023-01-29,184.1,179.8,178.7,181.6,186.8,2
2023-01-30,179.8,178.7,181.6,186.8,183.5,1
2023-01-31,178.7,181.6,186.8,183.5,183.5,0
2023-02-01,181.6,186.8,183.5,183.5,183.5,0
2023-02-02,186.8,183.5,183.5,183.5,184.4,0
2023-02-03,183.5,183.5,183.5,184.4,185.7,2
2023-02-04,183.5,183.5,184.4,185.7,186.6,0
2023-02-05,183.5,184.4,185.7,186.6,184.2,1
2023-02-06,184.4,185.7,186.6,184.2,185.5,2
2023-02-07,185.7,186.6,184.2,185.5,185.5,0
2023-02-08,186.6,184.2,185.5,185.5,185.5,0
2023-02-09,184.2,185.5,185.5,185.5,185.8,0
2023-02-10,185.5,185.5,185.5,185.8,186.8,2
2023-02-11,185.5,185.5,185.8,186.8,187.5,0
2023-02-12,185.5,185.8,186.8,187.5,182.9,1
2023-02-13,185.8,186.8,187.5,182.9,186.4,2
2023-02-14,186.8,187.5,182.9,186.4,186.4,0
2023-02-15,187.5,182.9,186.4,186.4,186.4,0
2023-02-16,182.9,186.4,186.4,186.4,185.9,0
2023-02-17,186.4,186.4,186.4,185.9,185.0,0
2023-02-18,186.4,186.4,185.9,185.0,182.6,1
2023-02-19,186.4,185.9,185.0,182.6,183.2,0
2023-02-20,185.9,185.0,182.6,183.2,183.3,0
2023-02-21,185.0,182.6,183.2,183.3,183.3,0
2023-02-22,182.6,183.2,183.3,183.3,183.3,0
2023-02-23,183.2,183.3,183.3,183.3,184.6,2
2023-02-24,183.3,183.3,183.3,184.6,177.8,1
2023-02-25,183.3,183.3,184.6,177.8,176.5,1
2023-02-26,183.3,184.6,177.8,176.5,176.9,0
2023-02-27,184.6,177.8,176.5,176.9,177.8,0
2023-02-28,177.8,176.5,176.9,177.8,177.8,0
2023-03-01,176.5,176.9,177.8,177.8,177.8,0
2023-03-02,176.9,177.8,177.8,177.8,174.9,1
2023-03-03,177.8,177.8,177.8,174.9,176.2,2
2023-03-04,177.8,177.8,174.9,176.2,177.7,2
2023-03-05,177.8,174.9,176.2,177.7,175.2,1
2023-03-06,174.9,176.2,177.7,175.2,174.2,1
2023-03-07,176.2,177.7,175.2,174.2,174.2,0
2023-03-08,177.7,175.2,174.2,174.2,174.2,0
2023-03-09,175.2,174.2,174.2,174.2,174.1,0
2023-03-10,174.2,174.2,174.2,174.1,176.8,2
2023-03-11,174.2,174.2,174.1,176.8,174.4,1
2023-03-12,174.2,174.1,176.8,174.4,176.5,2
2023-03-13,174.1,176.8,174.4,176.5,176.8,0
2023-03-14,176.8,174.4,176.5,176.8,176.8,0
2023-03-15,174.4,176.5,176.8,176.8,176.8,0
2023-03-16,176.5,176.8,176.8,176.8,179.3,2
2023-03-17,176.8,176.8,176.8,179.3,178.9,0
2023-03-18,176.8,176.8,179.3,178.9,177.8,1
2023-03-19,176.8,179.3,178.9,177.8,178.0,0
2023-03-20,179.3,178.9,177.8,178.0,174.0,1
2023-03-21,178.9,177.8,178.0,174.0,174.0,0
2023-03-22,177.8,178.0,174.0,174.0,174.0,0
2023-03-23,178.0,174.0,174.0,174.0,176.1,2
2023-03-24,174.0,174.0,174.0,176.1,175.8,0
2023-03-25,174.0,174.0,176.1,175.8,179.1,2
2023-03-26,174.0,176.1,175.8,179.1,182.0,2
2023-03-27,176.1,175.8,179.1,182.0,184.7,2
2023-03-28,175.8,179.1,182.0,184.7,184.7,0
2023-03-29,179.1,182.0,184.7,184.7,184.7,0
2023-03-30,182.0,184.7,184.7,184.7,182.9,1
2023-03-31,184.7,184.7,184.7,182.9,183.5,0
2023-04-01,184.7,184.7,182.9,183.5,189.1,2
2023-04-02,184.7,182.9,183.5,189.1,185.7,1
2023-04-03,182.9,183.5,189.1,185.7,185.7,0
2023-04-04,183.5,189.1,185.7,185.7,185.7,0
2023-04-05,189.1,185.7,185.7,185.7,185.7,0
2023-04-06,185.7,185.7,185.7,185.7,185.7,0
2023-04-07,185.7,185.7,185.7,185.7,177.55,1
2023-04-08,185.7,185.7,185.7,177.55,178.7,2
2023-04-09,185.7,185.7,177.55,178.7,178.25,0
2023-04-10,185.7,177.55,178.7,178.25,177.05,1
2023-04-11,177.55,178.7,178.25,177.05,177.05,0
2023-04-12,178.7,178.25,177.05,177.05,177.05,0
2023-04-13,178.25,177.05,177.05,177.05,177.6,0
2023-04-14,177.05,177.05,177.05,177.6,173.35,1
2023-04-15,177.05,177.05,177.6,173.35,175.7,2
2023-04-16,177.05,177.6,173.35,175.7,173.85,1
2023-04-17,177.6,173.35,175.7,173.85,173.55,0
2023-04-18,173.35,175.7,173.85,173.55,173.55,0
2023-04-19,175.7,173.85,173.55,173.55,173.55,0
2023-04-20,173.85,173.55,173.55,173.55,174.4,0
2023-04-21,173.55,173.55,173.55,174.4,172.15,1
2023-04-22,173.55,173.55,174.4,172.15,171.75,0
2023-04-23,173.55,174.4,172.15,171.75,172.55,0
2023-04-24,174.4,172.15,171.75,172.55,168.05,1
2023-04-25,172.15,171.75,172.55,168.05,168.05,0
2023-04-26,171.75,172.55,168.05,168.05,168.05,0
2023-04-27,172.55,168.05,168.05,168.05,168.05,0
2023-04-28,168.05,168.05,168.05,168.05,167.6,0
2023-04-29,168.05,168.05,168.05,167.6,166.25,1
2023-04-30,168.05,168.05,167.6,166.25,167.1,0
2023-05-01,168.05,167.6,166.25,167.1,170.25,2
2023-05-02,167.6,166.25,167.1,170.25,170.25,0
2023-05-03,166.25,167.1,170.25,170.25,170.25,0
2023-05-04,167.1,170.25,170.25,170.25,169.5,0
2023-05-05,170.25,170.25,170.25,169.5,168.9,0
2023-05-06,170.25,170.25,169.5,168.9,170.8,2
2023-05-07,170.25,169.5,168.9,170.8,170.45,0
2023-05-08,169.5,168.9,170.8,170.45,167.5,1
2023-05-09,168.9,170.8,170.45,167.5,167.5,0
2023-05-10,170.8,170.45,167.5,167.5,167.5,0
2023-05-11,170.45,167.5,167.5,167.5,169.1,2
2023-05-12,167.5,167.5,167.5,169.1,167.55,1
2023-05-13,167.5,167.5,169.1,167.55,165.7,1
2023-05-14,167.5,169.1,167.55,165.7,164.95,0
2023-05-15,169.1,167.55,165.7,164.95,166.05,2
2023-05-16,167.55,165.7,164.95,166.05,166.05,0
2023-05-17,165.7,164.95,166.05,166.05,166.05,0
2023-05-18,164.95,166.05,166.05,166.05,166.2,0
2023-05-19,166.05,166.05,166.05,166.2,165.25,0
2023-05-20,166.05,166.05,166.2,165.25,164.8,0
2023-05-21,166.05,166.2,165.25,164.8,161.0,1
2023-05-22,166.2,165.25,164.8,161.0,160.15,0
2023-05-23,165.25,164.8,161.0,160.15,160.15,0
2023-05-24,164.8,161.0,160.15,160.15,160.15,0
2023-05-25,161.0,160.15,160.15,160.15,161.25,2
2023-05-26,160.15,160.15,160.15,161.25,158.55,1
2023-05-27,160.15,160.15,161.25,158.55,151.45,1
2023-05-28,160.15,161.25,158.55,151.45,155.05,2
2023-05-29,161.25,158.55,151.45,155.05,157.1,2
2023-05-30,158.55,151.45,155.05,157.1,157.1,0
2023-05-31,151.45,155.05,157.1,157.1,157.1,0
2023-06-01,155.05,157.1,157.1,157.1,158.15,0
2023-06-02,157.1,157.1,157.1,158.15,159.45,2
2023-06-03,157.1,157.1,158.15,159.45,158.15,1
2023-06-04,157.1,158.15,159.45,158.15,158.4,0
2023-06-05,158.15,159.45,158.15,158.4,159.5,2
2023-06-06,159.45,158.15,158.4,159.5,159.5,0
2023-06-07,158.15,158.4,159.5,159.5,159.5,0
2023-06-08,158.4,159.5,159.5,159.5,162.05,2
2023-06-09,159.5,159.5,159.5,162.05,161.5,0
2023-06-10,159.5,159.5,162.05,161.5,161.5,0
2023-06-11,159.5,162.05,161.5,161.5,163.8,2
2023-06-12,162.05,161.5,161.5,163.8,163.05,0
2023-06-13,161.5,161.5,163.8,163.05,163.05,0
2023-06-14,161.5,163.8,163.05,163.05,163.05,0
2023-06-15,163.8,163.05,163.05,163.05,161.75,1
2023-06-16,163.05,163.05,163.05,161.75,161.8,0
2023-06-17,163.05,163.05,161.75,161.8,158.35,1
2023-06-18,163.05,161.75,161.8,158.35,157.2,1
2023-06-19,161.75,161.8,158.35,157.2,154.15,1
2023-06-20,161.8,158.35,157.2,154.15,154.15,0
2023-06-21,158.35,157.2,154.15,154.15,154.15,0
2023-06-22,157.2,154.15,154.15,154.15,156.25,2
2023-06-23,154.15,154.15,154.15,156.25,158.75,2
2023-06-24,154.15,154.15,156.25,158.75,157.55,1
2023-06-25,154.15,156.25,158.75,157.55,156.1,1
2023-06-26,156.25,158.75,157.55,156.1,155.8,0
2023-06-27,158.75,157.55,156.1,155.8,155.8,0
2023-06-28,157.55,156.1,155.8,155.8,155.8,0
2023-06-29,156.1,155.8,155.8,155.8,152.6,1
2023-06-30,155.8,155.8,155.8,152.6,147.85,1
2023-07-01,155.8,155.8,152.6,147.85,142.05,1
2023-07-02,155.8,152.6,147.85,142.05,139.45,1
2023-07-03,152.6,147.85,142.05,139.45,138.35,1
2023-07-04,147.85,142.05,139.45,138.35,138.35,0
2023-07-05,142.05,139.45,138.35,138.35,138.35,0
2023-07-06,139.45,138.35,138.35,138.35,134.3,1
2023-07-07,138.35,138.35,138.35,134.3,137.65,2
2023-07-08,138.35,138.35,134.3,137.65,137.7,0
2023-07-09,138.35,134.3,137.65,137.7,139.1,2
2023-07-10,134.3,137.65,137.7,139.1,137.7,1
2023-07-11,137.65,137.7,139.1,137.7,137.7,0
2023-07-12,137.7,139.1,137.7,137.7,137.7,0
2023-07-13,139.1,137.7,137.7,137.7,138.2,0
2023-07-14,137.7,137.7,137.7,138.2,139.1,0
2023-07-15,137.7,137.7,138.2,139.1,137.75,1
2023-07-16,137.7,138.2,139.1,137.75,135.35,1
2023-07-17,138.2,139.1,137.75,135.35,140.5,2
2023-07-18,139.1,137.75,135.35,140.5,140.5,0
2023-07-19,137.75,135.35,140.5,140.5,140.5,0
2023-07-20,135.35,140.5,140.5,140.5,141.7,2
2023-07-21,140.5,140.5,140.5,141.7,142.0,0
2023-07-22,140.5,140.5,141.7,142.0,145.6,2
2023-07-23,140.5,141.7,142.0,145.6,143.5,1
2023-07-24,141.7,142.0,145.6,143.5,139.5,1
2023-07-25,142.0,145.6,143.5,139.5,139.5,0
2023-07-26,145.6,143.5,139.5,139.5,139.5,0
2023-07-27,143.5,139.5,139.5,139.5,136.3,1
2023-07-28,139.5,139.5,139.5,136.3,134.75,1
2023-07-29,139.5,139.5,136.3,134.75,133.55,1
2023-07-30,139.5,136.3,134.75,133.55,132.0,1
2023-07-31,136.3,134.75,133.55,132.0,134.7,2
2023-08-01,134.75,133.55,132.0,134.7,134.7,0
2023-08-02,133.55,132.0,134.7,134.7,134.7,0
2023-08-03,132.0,134.7,134.7,134.7,132.7,1
2023-08-04,134.7,134.7,134.7,132.7,132.25,0
2023-08-05,134.7,134.7,132.7,132.25,130.8,1
2023-08-06,134.7,132.7,132.25,130.8,134.1,2
2023-08-07,132.7,132.25,130.8,134.1,132.85,1
2023-08-08,132.25,130.8,134.1,132.85,132.85,0
2023-08-09,130.8,134.1,132.85,132.85,132.85,0
2023-08-10,134.1,132.85,132.85,132.85,131.55,1
2023-08-11,132.85,132.85,132.85,131.55,128.3,1
2023-08-12,132.85,132.85,131.55,128.3,127.15,1
2023-08-13,132.85,131.55,128.3,127.15,123.85,1
2023-08-14,131.55,128.3,127.15,123.85,124.9,0
2023-08-15,128.3,127.15,123.85,124.9,124.9,0
2023-08-16,127.15,123.85,124.9,124.9,124.9,0
2023-08-17,123.85,124.9,124.9,124.9,123.4,1
2023-08-18,124.9,124.9,124.9,123.4,124.1,0
2023-08-19,124.9,124.9,123.4,124.1,125.95,2
2023-08-20,124.9,123.4,124.1,125.95,125.25,0
2023-08-21,123.4,124.1,125.95,125.25,126.85,2
2023-08-22,124.1,125.95,125.25,126.85,126.85,0
2023-08-23,125.95,125.25,126.85,126.85,126.85,0
2023-08-24,125.25,126.85,126.85,126.85,129.35,2
2023-08-25,126.85,126.85,126.85,129.35,133.55,2
2023-08-26,126.85,126.85,129.35,133.55,131.85,1
2023-08-27,126.85,129.35,133.55,131.85,132.0,0
2023-08-28,129.35,133.55,131.85,132.0,130.15,1
2023-08-29,133.55,131.85,132.0,130.15,130.15,0
2023-08-30,131.85,132.0,130.15,130.15,130.15,0
2023-08-31,132.0,130.15,130.15,130.15,127.85,1
2023-09-01,130.15,130.15,130.15,127.85,126.2,1
2023-09-02,130.15,130.15,127.85,126.2,125.9,0
2023-09-03,130.15,127.85,126.2,125.9,127.1,2
2023-09-04,127.85,126.2,125.9,127.1,128.4,2
2023-09-05,126.2,125.9,127.1,128.4,128.4,0
2023-09-06,125.9,127.1,128.4,128.4,128.4,0
2023-09-07,127.1,128.4,128.4,128.4,129.55,2
2023-09-08,128.4,128.4,128.4,129.55,127.7,1
2023-09-09,128.4,128.4,129.55,127.7,126.65,1
2023-09-10,128.4,129.55,127.7,126.65,131.25,2
2023-09-11,129.55,127.7,126.65,131.25,127.95,1
2023-09-12,127.7,126.65,131.25,127.95,127.95,0
2023-09-13,126.65,131.25,127.95,127.95,127.95,0
2023-09-14,131.25,127.95,127.95,127.95,126.5,1
2023-09-15,127.95,127.95,127.95,126.5,126.5,0
2023-09-16,127.95,127.95,126.5,126.5,127.85,2
2023-09-17,127.95,126.5,126.5,127.85,124.4,1
2023-09-18,126.5,126.5,127.85,124.4,124.25,0
2023-09-19,126.5,127.85,124.4,124.25,124.25,0
2023-09-20,127.85,124.4,124.25,124.25,124.25,0
2023-09-21,124.4,124.25,124.25,124.25,120.6,1
2023-09-22,124.25,124.25,124.25,120.6,120.8,0
2023-09-23,124.25,124.25,120.6,120.8,120.35,0
2023-09-24,124.25,120.6,120.8,120.35,121.4,0
2023-09-25,120.6,120.8,120.35,121.4,120.45,1
2023-09-26,120.8,120.35,121.4,120.45,120.45,0
2023-09-27,120.35,121.4,120.45,120.45,120.45,0
2023-09-28,121.4,120.45,120.45,120.45,116.1,1
2023-09-29,120.45,120.45,120.45,116.1,114.55,1
2023-09-30,120.45,120.45,116.1,114.55,113.05,1
2023-10-01,120.45,116.1,114.55,113.05,114.9,2
2023-10-02,116.1,114.55,113.05,114.9,115.2,0
2023-10-03,114.55,113.05,114.9,115.2,115.2,0
2023-10-04,113.05,114.9,115.2,115.2,115.2,0
2023-10-05,114.9,115.2,115.2,115.2,115.05,0
2023-10-06,115.2,115.2,115.2,115.05,116.4,2
2023-10-07,115.2,115.2,115.05,116.4,120.75,2
2023-10-08,115.2,115.05,116.4,120.75,119.15,1
2023-10-09,115.05,116.4,120.75,119.15,118.05,1
2023-10-10,116.4,120.75,119.15,118.05,118.05,0
2023-10-11,120.75,119.15,118.05,118.05,118.05,0
2023-10-12,119.15,118.05,118.05,118.05,118.2,0
2023-10-13,118.05,118.05,118.05,118.2,118.6,0
2023-10-14,118.05,118.05,118.2,118.6,118.85,0
2023-10-15,118.05,118.2,118.6,118.85,119.1,0
2023-10-16,118.2,118.6,118.85,119.1,115.2,1
2023-10-17,118.6,118.85,119.1,115.2,115.2,0
2023-10-18,118.85,119.1,115.2,115.2,115.2,0
2023-10-19,119.1,115.2,115.2,115.2,115.5,0
2023-10-20,115.2,115.2,115.2,115.5,118.45,2
2023-10-21,115.2,115.2,115.5,118.45,115.2,1
2023-10-22,115.2,115.5,118.45,115.2,115.55,0
2023-10-23,115.5,118.45,115.2,115.55,114.4,1
2023-10-24,118.45,115.2,115.55,114.4,114.4,0
2023-10-25,115.2,115.55,114.4,114.4,114.4,0
2023-10-26,115.55,114.4,114.4,114.4,116.45,2
2023-10-27,114.4,114.4,114.4,116.45,119.25,2
2023-10-28,114.4,114.4,116.45,119.25,118.85,0
2023-10-29,114.4,116.45,119.25,118.85,124.25,2
2023-10-30,116.45,119.25,118.85,124.25,127.15,2
2023-10-31,119.25,118.85,124.25,127.15,127.15,0
2023-11-01,118.85,124.25,127.15,127.15,127.15,0
2023-11-02,124.25,127.15,127.15,127.15,127.25,0
2023-11-03,127.15,127.15,127.15,127.25,125.8,1
2023-11-04,127.15,127.15,127.25,125.8,126.1,0
2023-11-05,127.15,127.25,125.8,126.1,127.6,2
2023-11-06,127.25,125.8,126.1,127.6,128.2,0
2023-11-07,125.8,126.1,127.6,128.2,128.2,0
2023-11-08,126.1,127.6,128.2,128.2,128.2,0
2023-11-09,127.6,128.2,128.2,128.2,126.25,1
2023-11-10,128.2,128.2,128.2,126.25,131.1,2
2023-11-11,128.2,128.2,126.25,131.1,131.45,0
2023-11-12,128.2,126.25,131.1,131.45,132.45,0
2023-11-13,126.25,131.1,131.45,132.45,129.25,1
2023-11-14,131.1,131.45,132.45,129.25,129.25,0
2023-11-15,131.45,132.45,129.25,129.25,129.25,0
2023-11-16,132.45,129.25,129.25,129.25,130.2,0
2023-11-17,129.25,129.25,129.25,130.2,124.45,1
2023-11-18,129.25,129.25,130.2,124.45,123.95,0
2023-11-19,129.25,130.2,124.45,123.95,125.6,2
2023-11-20,130.2,124.45,123.95,125.6,123.85,1
2023-11-21,124.45,123.95,125.6,123.85,123.85,0
2023-11-22,123.95,125.6,123.85,123.85,123.85,0
2023-11-23,125.6,123.85,123.85,123.85,126.3,2
2023-11-24,123.85,123.85,123.85,126.3,126.95,0
2023-11-25,123.85,123.85,126.3,126.95,128.8,2
2023-11-26,123.85,126.3,126.95,128.8,129.85,0
2023-11-27,126.3,126.95,128.8,129.85,130.1,0
2023-11-28,126.95,128.8,129.85,130.1,130.1,0
2023-11-29,128.8,129.85,130.1,130.1,130.1,0
2023-11-30,129.85,130.1,130.1,130.1,132.45,2
2023-12-01,130.1,130.1,130.1,132.45,133.45,0
2023-12-02,130.1,130.1,132.45,133.45,134.35,0
2023-12-03,130.1,132.45,133.45,134.35,133.7,0
2023-12-04,132.45,133.45,134.35,133.7,135.55,2
2023-12-05,133.45,134.35,133.7,135.55,135.55,0
2023-12-06,134.35,133.7,135.55,135.55,135.55,0
2023-12-07,133.7,135.55,135.55,135.55,132.65,1
2023-12-08,135.55,135.55,135.55,132.65,130.1,1
2023-12-09,135.55,135.55,132.65,130.1,130.75,0
2023-12-10,135.55,132.65,130.1,130.75,135.85,2
2023-12-11,132.65,130.1,130.75,135.85,134.75,1
2023-12-12,130.1,130.75,135.85,134.75,134.75,0
2023-12-13,130.75,135.85,134.75,134.75,134.75,0
2023-12-14,135.85,134.75,134.75,134.75,132.5,1
2023-12-15,134.75,134.75,134.75,132.5,133.15,0
2023-12-16,134.75,134.75,132.5,133.15,131.8,1
2023-12-17,134.75,132.5,133.15,131.8,133.25,2
2023-12-18,132.5,133.15,131.8,133.25,131.7,1
2023-12-19,133.15,131.8,133.25,131.7,131.7,0
2023-12-20,131.8,133.25,131.7,131.7,131.7,0
2023-12-21,133.25,131.7,131.7,131.7,131.7,0
2023-12-22,131.7,131.7,131.7,131.7,131.7,0
2023-12-23,131.7,131.7,131.7,131.7,133.65,2
2023-12-24,131.7,131.7,131.7,133.65,133.2,0
2023-12-25,131.7,131.7,133.65,133.2,133.55,0
2023-12-26,131.7,133.65,133.2,133.55,133.55,0
2023-12-27,133.65,133.2,133.55,133.55,133.55,0
2023-12-28,133.2,133.55,133.55,133.55,133.55,0
2023-12-29,133.55,133.55,133.55,133.55,131.25,1
2023-12-30,133.55,133.55,133.55,131.25,127.15,1
2023-12-31,133.55,133.55,131.25,127.15,127.65,0
2024-01-01,133.55,131.25,127.15,127.65,126.8,0
2024-01-02,131.25,127.15,127.65,126.8,126.8,0
2024-01-03,127.15,127.65,126.8,126.8,126.8,0
2024-01-04,127.65,126.8,126.8,126.8,126.3,0
2024-01-05,126.8,126.8,126.8,126.3,127.2,0
2024-01-06,126.8,126.8,126.3,127.2,128.8,2
2024-01-07,126.8,126.3,127.2,128.8,128.1,0
2024-01-08,126.3,127.2,128.8,128.1,130.8,2
2024-01-09,127.2,128.8,128.1,130.8,130.8,0
2024-01-10,128.8,128.1,130.8,130.8,130.8,0
2024-01-11,128.1,130.8,130.8,130.8,127.85,1
2024-01-12,130.8,130.8,130.8,127.85,122.35,1
2024-01-13,130.8,130.8,127.85,122.35,116.8,1
2024-01-14,130.8,127.85,122.35,116.8,117.6,0
2024-01-15,127.85,122.35,116.8,117.6,116.15,1
2024-01-16,122.35,116.8,117.6,116.15,116.15,0
2024-01-17,116.8,117.6,116.15,116.15,116.15,0
2024-01-18,117.6,116.15,116.15,116.15,117.7,2
2024-01-19,116.15,116.15,116.15,117.7,120.4,2
2024-01-20,116.15,116.15,117.7,120.4,120.4,0
2024-01-21,116.15,117.7,120.4,120.4,120.95,0
2024-01-22,117.7,120.4,120.4,120.95,121.75,0
2024-01-23,120.4,120.4,120.95,121.75,121.75,0
2024-01-24,120.4,120.95,121.75,121.75,121.75,0
2024-01-25,120.95,121.75,121.75,121.75,121.95,0
2024-01-26,121.75,121.75,121.75,121.95,118.45,1
2024-01-27,121.75,121.75,121.95,118.45,119.85,2
2024-01-28,121.75,121.95,118.45,119.85,119.0,0
2024-01-29,121.95,118.45,119.85,119.0,117.85,1
2024-01-30,118.45,119.85,119.0,117.85,117.85,0
2024-01-31,119.85,119.0,117.85,117.85,117.85,0
2024-02-01,119.0,117.85,117.85,117.85,115.45,1
2024-02-02,117.85,117.85,117.85,115.45,114.5,1
2024-02-03,117.85,117.85,115.45,114.5,114.45,0
2024-02-04,117.85,115.45,114.5,114.45,112.3,1
2024-02-05,115.45,114.5,114.45,112.3,110.45,1
2024-02-06,114.5,114.45,112.3,110.45,110.45,0
2024-02-07,114.45,112.3,110.45,110.45,110.45,0
2024-02-08,112.3,110.45,110.45,110.45,112.2,2
2024-02-09,110.45,110.45,110.45,112.2,109.95,1
2024-02-10,110.45,110.45,112.2,109.95,110.45,0
2024-02-11,110.45,112.2,109.95,110.45,112.4,2
2024-02-12,112.2,109.95,110.45,112.4,109.15,1
2024-02-13,109.95,110.45,112.4,109.15,109.15,0
2024-02-14,110.45,112.4,109.15,109.15,109.15,0
2024-02-15,112.4,109.15,109.15,109.15,107.5,1
2024-02-16,109.15,109.15,109.15,107.5,108.55,0
2024-02-17,109.15,109.15,107.5,108.55,108.3,0
2024-02-18,109.15,107.5,108.55,108.3,106.7,1
2024-02-19,107.5,108.55,108.3,106.7,104.75,1
2024-02-20,108.55,108.3,106.7,104.75,104.75,0
2024-02-21,108.3,106.7,104.75,104.75,104.75,0
2024-02-22,106.7,104.75,104.75,104.75,101.55,1
2024-02-23,104.75,104.75,104.75,101.55,104.2,2
2024-02-24,104.75,104.75,101.55,104.2,100.3,1
2024-02-25,104.75,101.55,104.2,100.3,104.05,2
2024-02-26,101.55,104.2,100.3,104.05,107.0,2
