id,ticker,empresa,date,open,high,low,close,adj close,volume
9,SAN,Santander,2019-01-02,3.744688,3.831417,3.670417,3.811771,3.089849,37775486
9,SAN,Santander,2019-01-03,3.785417,3.874542,3.77775,3.842438,3.114708,33122850
9,SAN,Santander,2019-01-04,3.886042,4.007751,3.873584,3.986188,3.231233,49506199
9,SAN,Santander,2019-01-07,4.013021,4.024521,3.96223,4.008709,3.249488,45550784
9,SAN,Santander,2019-01-08,4.015417,4.092563,4.000563,4.041771,3.276288,50220332
9,SAN,Santander,2019-01-09,4.062376,4.086813,4.012542,4.024521,3.262306,37108017
9,SAN,Santander,2019-01-10,4.002001,4.097355,3.988584,4.097355,3.321345,37640369
9,SAN,Santander,2019-01-11,4.082501,4.119396,4.062376,4.104542,3.327171,121865486
9,SAN,Santander,2019-01-14,4.07148,4.093042,4.015417,4.068605,3.29804,106235075
9,SAN,Santander,2019-01-15,4.110771,4.140001,4.016376,4.084896,3.311246,79539862
9,SAN,Santander,2019-01-16,4.072917,4.137126,4.036501,4.126105,3.34465,51225229
9,SAN,Santander,2019-01-17,4.088251,4.117959,4.064771,4.079626,3.306974,99207630
9,SAN,Santander,2019-01-18,4.116521,4.177376,4.103584,4.174021,3.383491,176749439
9,SAN,Santander,2019-01-21,4.175459,4.178334,4.138563,4.163959,3.375335,281708594
9,SAN,Santander,2019-01-22,4.130896,4.148626,4.095917,4.129938,3.347758,269710727
9,SAN,Santander,2019-01-23,4.128021,4.197501,4.111251,4.173542,3.383103,83038671
9,SAN,Santander,2019-01-24,4.197501,4.235834,4.108855,4.154855,3.367955,261641589
9,SAN,Santander,2019-01-25,4.199896,4.233917,4.164438,4.233917,3.432044,99481360
9,SAN,Santander,2019-01-28,4.207084,4.231042,4.151021,4.163001,3.374558,31002559
9,SAN,Santander,2019-01-29,4.159167,4.188396,4.116042,4.159167,3.37145,35144556
9,SAN,Santander,2019-01-30,4.199417,4.207084,3.99625,4.024042,3.311514,57319739
9,SAN,Santander,2019-01-31,4.051355,4.053751,3.91,3.959834,3.258675,132439891
9,SAN,Santander,2019-02-01,3.945938,3.972292,3.85873,3.899938,3.209385,140193975
9,SAN,Santander,2019-02-04,3.886521,3.914792,3.822792,3.863042,3.179022,364353407
9,SAN,Santander,2019-02-05,3.87023,3.964146,3.845792,3.933959,3.237382,308733586
9,SAN,Santander,2019-02-06,3.903771,3.970855,3.886042,3.952167,3.252366,277070634
9,SAN,Santander,2019-02-07,3.926771,3.976125,3.827105,3.827105,3.149448,167248254
9,SAN,Santander,2019-02-08,3.832375,3.848667,3.77775,3.797875,3.125394,58351884
9,SAN,Santander,2019-02-11,3.833334,3.873584,3.815125,3.843875,3.163249,103592212
9,SAN,Santander,2019-02-12,3.8755,3.890834,3.836688,3.837646,3.158123,107041940
9,SAN,Santander,2019-02-13,3.842917,3.8755,3.815605,3.840042,3.160094,64215581
9,SAN,Santander,2019-02-14,3.866875,3.866875,3.795959,3.804584,3.130915,51368947
9,SAN,Santander,2019-02-15,3.804584,3.945938,3.785417,3.929167,3.233438,65461578
9,SAN,Santander,2019-02-18,3.936355,3.979,3.929167,3.948334,3.249211,32279980
9,SAN,Santander,2019-02-19,3.929646,3.957917,3.877417,3.913834,3.22082,35742784
9,SAN,Santander,2019-02-20,3.934917,3.970855,3.89275,3.96798,3.265379,31688293
9,SAN,Santander,2019-02-21,3.978521,3.992896,3.943542,3.97373,3.270111,44853085
9,SAN,Santander,2019-02-22,3.96175,4.00823,3.953605,3.956,3.25552,24805882
9,SAN,Santander,2019-02-25,3.989542,4.03123,3.980438,4.014938,3.304022,30498165
9,SAN,Santander,2019-02-26,3.995292,4.018292,3.94498,4.009188,3.29929,47407768
9,SAN,Santander,2019-02-27,3.955042,4.040334,3.922459,4.025001,3.312303,62143285
9,SAN,Santander,2019-02-28,4.000084,4.118438,3.986667,4.117001,3.388013,61819362
9,SAN,Santander,2019-03-01,4.117001,4.157251,4.07723,4.07723,3.355284,58641890
9,SAN,Santander,2019-03-04,4.101667,4.119876,4.058063,4.064771,3.345031,25671748
9,SAN,Santander,2019-03-05,4.05998,4.096876,4.036021,4.067167,3.347003,29547857
9,SAN,Santander,2019-03-06,4.060938,4.16348,4.048959,4.13473,3.402603,46924141
9,SAN,Santander,2019-03-07,4.112688,4.159167,3.948334,3.989542,3.283123,74418845
9,SAN,Santander,2019-03-08,3.940188,3.966542,3.871667,3.908563,3.216482,50444223
9,SAN,Santander,2019-03-11,3.932521,3.986667,3.900417,3.965105,3.263013,39569951
9,SAN,Santander,2019-03-12,3.986667,4.00248,3.923896,3.969417,3.266561,35807940
9,SAN,Santander,2019-03-13,3.995292,4.095917,3.982834,4.087292,3.363564,52757855
9,SAN,Santander,2019-03-14,4.097834,4.167313,4.092084,4.116521,3.387618,84918429
9,SAN,Santander,2019-03-15,4.122751,4.198938,4.100709,4.198938,3.455441,144048935
9,SAN,Santander,2019-03-18,4.206126,4.264584,4.197501,4.24398,3.492508,42394160
9,SAN,Santander,2019-03-19,4.263626,4.334542,4.23823,4.298605,3.537461,51900698
9,SAN,Santander,2019-03-20,4.287105,4.319209,4.238709,4.238709,3.48817,35249539
9,SAN,Santander,2019-03-21,4.197501,4.207084,4.131855,4.131855,3.400237,60871577
9,SAN,Santander,2019-03-22,4.151501,4.15773,3.971334,3.97325,3.269716,99972833
9,SAN,Santander,2019-03-25,3.9675,4.023084,3.93875,3.97373,3.270111,53127014
9,SAN,Santander,2019-03-26,3.980438,3.990021,3.91,3.917667,3.223974,67691461
9,SAN,Santander,2019-03-27,3.932521,4.098313,3.905209,3.979,3.274448,59475283
9,SAN,Santander,2019-03-28,3.958875,3.966542,3.91048,3.932042,3.235804,40461987
9,SAN,Santander,2019-03-29,3.976125,3.994813,3.930605,3.971813,3.268533,78042723
9,SAN,Santander,2019-04-01,4.011105,4.099751,3.98475,4.094001,3.369086,81376584
9,SAN,Santander,2019-04-02,4.094001,4.136646,4.068605,4.099751,3.373817,57242947
9,SAN,Santander,2019-04-03,4.168271,4.197501,4.147667,4.182167,3.44164,53042796
9,SAN,Santander,2019-04-04,4.178334,4.225771,4.151501,4.223376,3.475552,63974185
9,SAN,Santander,2019-04-05,4.216667,4.23823,4.187917,4.218584,3.471609,43624370
9,SAN,Santander,2019-04-08,4.218584,4.23248,4.170188,4.208042,3.462934,38686354
9,SAN,Santander,2019-04-09,4.19798,4.262667,4.178334,4.196063,3.453075,33323884
9,SAN,Santander,2019-04-10,4.207084,4.258355,4.171146,4.188876,3.447161,49766197
9,SAN,Santander,2019-04-11,4.219063,4.321605,4.178334,4.290459,3.530757,138342855
9,SAN,Santander,2019-04-12,4.283751,4.449542,4.233438,4.369042,3.595426,86965860
9,SAN,Santander,2019-04-15,4.36473,4.423188,4.347959,4.370001,3.596215,239241083
9,SAN,Santander,2019-04-16,4.367126,4.401146,4.313459,4.381021,3.605284,398782416
9,SAN,Santander,2019-04-17,4.370001,4.486917,4.370001,4.426063,3.64235,262029489
9,SAN,Santander,2019-04-18,4.43373,4.444751,4.341251,4.416959,3.634858,208189266
9,SAN,Santander,2019-04-23,4.416001,4.417917,4.339813,4.358021,3.586356,149227724
9,SAN,Santander,2019-04-24,4.345563,4.376709,4.257396,4.289021,3.529574,37177820
9,SAN,Santander,2019-04-25,4.287105,4.320646,4.25548,4.296688,3.535883,65294115
9,SAN,Santander,2019-04-26,4.296209,4.333105,4.265542,4.301001,3.539433,35359323
9,SAN,Santander,2019-04-29,4.228167,4.331188,4.221938,4.331188,3.616655,102488967
9,SAN,Santander,2019-04-30,4.297646,4.325917,4.262667,4.323521,3.610252,261828759
9,SAN,Santander,2019-05-02,4.313459,4.365209,4.237271,4.24973,3.548635,177117779
9,SAN,Santander,2019-05-03,4.244938,4.279917,4.19223,4.224813,3.527829,217090674
9,SAN,Santander,2019-05-06,4.130417,4.180251,4.102626,4.164438,3.477414,182234824
9,SAN,Santander,2019-05-07,4.159167,4.186001,4.054709,4.072438,3.400592,242453057
9,SAN,Santander,2019-05-08,4.074355,4.10023,4.023084,4.072917,3.400992,95715270
9,SAN,Santander,2019-05-09,4.025001,4.043209,3.965584,3.974688,3.318968,57444133
9,SAN,Santander,2019-05-10,4.014459,4.022126,3.934917,3.949771,3.298162,72097051
9,SAN,Santander,2019-05-13,3.953125,3.956959,3.88748,3.895146,3.252548,42162197
9,SAN,Santander,2019-05-14,3.935875,3.949771,3.884125,3.933,3.284158,35069992
9,SAN,Santander,2019-05-15,3.922459,3.945938,3.866875,3.935875,3.286558,51054322
9,SAN,Santander,2019-05-16,3.929167,4.021646,3.900417,4.016855,3.354179,44306575
9,SAN,Santander,2019-05-17,3.994813,4.023084,3.946417,3.985709,3.328171,107707656
9,SAN,Santander,2019-05-20,3.980438,4.024521,3.922459,3.922459,3.275355,49733009
9,SAN,Santander,2019-05-21,3.963188,3.963188,3.91,3.926771,3.278956,28534307
9,SAN,Santander,2019-05-22,3.937792,3.9445,3.862084,3.882688,3.242146,47709194
9,SAN,Santander,2019-05-23,3.857771,3.88748,3.828063,3.839084,3.205735,71104377
9,SAN,Santander,2019-05-24,3.87023,3.898021,3.842917,3.8525,3.216938,37700538
9,SAN,Santander,2019-05-27,3.890834,3.928688,3.854417,3.867834,3.229742,14369415
9,SAN,Santander,2019-05-28,3.859688,3.871188,3.804584,3.849146,3.214137,41947162
9,SAN,Santander,2019-05-29,3.804584,3.84148,3.781105,3.833334,3.200934,51379637
9,SAN,Santander,2019-05-30,3.870709,3.902334,3.845313,3.88125,3.240945,26140444
9,SAN,Santander,2019-05-31,3.814167,3.833334,3.775834,3.787334,3.162523,60495413
9,SAN,Santander,2019-06-03,3.756667,3.786855,3.739417,3.775834,3.15292,47438190
9,SAN,Santander,2019-06-04,3.763855,3.878855,3.751875,3.873105,3.234144,51295282
9,SAN,Santander,2019-06-05,3.871667,3.878855,3.807459,3.844355,3.210137,38089518
9,SAN,Santander,2019-06-06,3.841,3.901855,3.771042,3.805063,3.177327,49870163
9,SAN,Santander,2019-06-07,3.804584,3.827105,3.758105,3.799313,3.172525,69491686
9,SAN,Santander,2019-06-10,3.837167,3.877417,3.820875,3.869271,3.230942,21503399
9,SAN,Santander,2019-06-11,3.84675,3.89275,3.836688,3.841,3.207335,29845106
9,SAN,Santander,2019-06-12,3.82375,3.844834,3.791167,3.80698,3.178927,33836620
9,SAN,Santander,2019-06-13,3.794521,3.833334,3.771042,3.814646,3.185329,26294046
9,SAN,Santander,2019-06-14,3.795,3.808417,3.770084,3.78973,3.164524,28612956
9,SAN,Santander,2019-06-17,3.807459,3.822313,3.788292,3.795,3.168924,40531017
9,SAN,Santander,2019-06-18,3.785417,3.85873,3.742292,3.845313,3.210937,53674777
9,SAN,Santander,2019-06-19,3.856334,3.908084,3.836688,3.890834,3.248948,52608092
9,SAN,Santander,2019-06-20,3.883167,3.91048,3.84675,3.84675,3.212137,48027638
9,SAN,Santander,2019-06-21,3.862084,3.913834,3.818,3.833813,3.201334,153923113
9,SAN,Santander,2019-06-24,3.8295,3.8755,3.811292,3.817521,3.18773,91206506
9,SAN,Santander,2019-06-25,3.795959,3.83525,3.77775,3.831896,3.199733,88788553
9,SAN,Santander,2019-06-26,3.842917,3.907605,3.830459,3.88173,3.241346,56183616
9,SAN,Santander,2019-06-27,3.88125,3.919584,3.853938,3.867834,3.229742,34668971
9,SAN,Santander,2019-06-28,3.88125,3.911917,3.85825,3.91048,3.265353,44481045
9,SAN,Santander,2019-07-01,3.933959,3.987625,3.933959,3.947375,3.296161,37154151
9,SAN,Santander,2019-07-02,3.957438,3.96223,3.894667,3.936834,3.287359,28649005
9,SAN,Santander,2019-07-03,3.919105,4.005834,3.899938,4.005834,3.344976,33439930
9,SAN,Santander,2019-07-04,3.986667,4.053751,3.986667,4.041771,3.374984,48586506
9,SAN,Santander,2019-07-05,4.034584,4.082021,4.006792,4.044646,3.377385,37059907
9,SAN,Santander,2019-07-08,4.033146,4.078667,3.984271,4.010146,3.348577,33045681
9,SAN,Santander,2019-07-09,3.994334,4.00248,3.93923,3.970375,3.315367,99973100
9,SAN,Santander,2019-07-10,3.965105,4.039376,3.953125,3.99625,3.336973,41648068
9,SAN,Santander,2019-07-11,4.02548,4.045605,3.997209,4.029313,3.364581,50937089
9,SAN,Santander,2019-07-12,4.043209,4.072917,4.012063,4.013501,3.351378,45324280
9,SAN,Santander,2019-07-15,4.022126,4.041292,3.987146,3.991459,3.332972,36689025
9,SAN,Santander,2019-07-16,3.993375,4.049917,3.983313,4.044646,3.377385,30224484
9,SAN,Santander,2019-07-17,4.016855,4.025001,3.93875,3.948334,3.296962,31213015
9,SAN,Santander,2019-07-18,3.891313,3.913834,3.838125,3.87598,3.236544,56419621
9,SAN,Santander,2019-07-19,3.886042,3.907125,3.819917,3.836209,3.203335,61511883
9,SAN,Santander,2019-07-22,3.836209,3.848667,3.800271,3.822313,3.191731,47898565
9,SAN,Santander,2019-07-23,3.89275,3.974209,3.88125,3.96175,3.308165,51908032
9,SAN,Santander,2019-07-24,3.948334,3.977084,3.922459,3.964625,3.310565,48906220
9,SAN,Santander,2019-07-25,3.971334,4.081063,3.891313,3.92198,3.274955,55515364
9,SAN,Santander,2019-07-26,3.91623,3.928209,3.888917,3.891792,3.249748,31640609
9,SAN,Santander,2019-07-29,3.882209,3.895146,3.859209,3.866875,3.228941,27741970
9,SAN,Santander,2019-07-30,3.855855,3.859688,3.718334,3.723605,3.109307,63550156
9,SAN,Santander,2019-07-31,3.7375,3.747084,3.699167,3.702042,3.091302,67695225
9,SAN,Santander,2019-08-01,3.708271,3.756667,3.683834,3.714021,3.101305,36217782
9,SAN,Santander,2019-08-02,3.65125,3.670417,3.581771,3.598542,3.004876,68561916
9,SAN,Santander,2019-08-05,3.565,3.596625,3.522834,3.543438,2.958863,49882683
9,SAN,Santander,2019-08-06,3.5535,3.557334,3.47348,3.47348,2.900446,50705815
9,SAN,Santander,2019-08-07,3.519959,3.526188,3.424125,3.462459,2.891243,47323380
9,SAN,Santander,2019-08-08,3.512771,3.562605,3.466292,3.541042,2.956862,43578352
9,SAN,Santander,2019-08-09,3.49648,3.514688,3.459584,3.463896,2.892444,84827480
9,SAN,Santander,2019-08-12,3.495521,3.497917,3.39873,3.402563,2.841229,36207908
9,SAN,Santander,2019-08-13,3.374292,3.480188,3.338355,3.441855,2.874039,49371832
9,SAN,Santander,2019-08-14,3.405438,3.405438,3.31775,3.325417,2.77681,90923811
9,SAN,Santander,2019-08-15,3.332604,3.372375,3.278459,3.329729,2.780411,56403548
9,SAN,Santander,2019-08-16,3.34075,3.442813,3.307209,3.436105,2.869237,116360296
9,SAN,Santander,2019-08-19,3.4615,3.497917,3.395375,3.400646,2.839628,42638350
9,SAN,Santander,2019-08-20,3.387709,3.395375,3.340271,3.345063,2.793215,37462484
9,SAN,Santander,2019-08-21,3.344584,3.394896,3.335,3.339313,2.788414,29188179
9,SAN,Santander,2019-08-22,3.330209,3.42748,3.322063,3.380521,2.822823,40192968
9,SAN,Santander,2019-08-23,3.403521,3.417417,3.323021,3.323021,2.774809,60112130
9,SAN,Santander,2019-08-26,3.315834,3.365667,3.313917,3.349375,2.796815,24119716
9,SAN,Santander,2019-08-27,3.354167,3.386271,3.318229,3.321104,2.773208,58054998
9,SAN,Santander,2019-08-28,3.322542,3.332125,3.298104,3.324938,2.77641,38951283
9,SAN,Santander,2019-08-29,3.30625,3.366625,3.292834,3.313917,2.767207,57511289
9,SAN,Santander,2019-08-30,3.327334,3.354167,3.288521,3.296667,2.752803,49517507
9,SAN,Santander,2019-09-02,3.305292,3.311042,3.272229,3.291396,2.748401,46669365
9,SAN,Santander,2019-09-03,3.282771,3.298104,3.244438,3.256896,2.719593,45674430
9,SAN,Santander,2019-09-04,3.291875,3.311042,3.265042,3.265042,2.726395,73444681
9,SAN,Santander,2019-09-05,3.296667,3.38148,3.276542,3.380042,2.822423,74498680
9,SAN,Santander,2019-09-06,3.38723,3.428438,3.359917,3.383875,2.825624,42686216
9,SAN,Santander,2019-09-09,3.396334,3.465813,3.389146,3.465813,2.894044,59430248
9,SAN,Santander,2019-09-10,3.476834,3.576021,3.441855,3.56548,2.977269,68956975
9,SAN,Santander,2019-09-11,3.606209,3.631605,3.518042,3.555896,2.969266,59199406
9,SAN,Santander,2019-09-12,3.556855,3.660834,3.451917,3.572667,2.98327,90162955
9,SAN,Santander,2019-09-13,3.596625,3.689105,3.586084,3.661792,3.057692,57014705
9,SAN,Santander,2019-09-16,3.630167,3.64023,3.580813,3.609084,3.013679,35439320
9,SAN,Santander,2019-09-17,3.59423,3.60525,3.504146,3.504146,2.926053,128046768
9,SAN,Santander,2019-09-18,3.526188,3.53625,3.465813,3.469646,2.897245,113045205
9,SAN,Santander,2019-09-19,3.4845,3.568355,3.469167,3.568355,2.979669,37252302
9,SAN,Santander,2019-09-20,3.556375,3.62825,3.538167,3.603334,3.008878,155664729
9,SAN,Santander,2019-09-23,3.574584,3.595667,3.482105,3.504146,2.926053,35694983
9,SAN,Santander,2019-09-24,3.519959,3.553021,3.474917,3.477792,2.904047,40003181
9,SAN,Santander,2019-09-25,3.468209,3.493125,3.389625,3.491209,2.91525,74266816
9,SAN,Santander,2019-09-26,3.46725,3.503667,3.453834,3.485938,2.910849,51981175
9,SAN,Santander,2019-09-27,3.497917,3.560209,3.475875,3.545834,2.960864,28841676
9,SAN,Santander,2019-09-30,3.558292,3.598542,3.552063,3.580813,2.990072,54268237
9,SAN,Santander,2019-10-01,3.59375,3.617709,3.521396,3.521396,2.940457,65703589
9,SAN,Santander,2019-10-02,3.506542,3.53625,3.370459,3.370459,2.814421,54270295
9,SAN,Santander,2019-10-03,3.395855,3.420771,3.335,3.362313,2.807619,54087336
9,SAN,Santander,2019-10-04,3.382917,3.388188,3.325896,3.380521,2.822823,39203292
9,SAN,Santander,2019-10-07,3.370459,3.4155,3.342667,3.409271,2.84683,25240591
9,SAN,Santander,2019-10-08,3.426042,3.434667,3.320146,3.373813,2.817222,39728470
9,SAN,Santander,2019-10-09,3.378125,3.419813,3.36423,3.395855,2.835628,23292352
9,SAN,Santander,2019-10-10,3.400167,3.4845,3.400167,3.4845,2.909648,43429595
9,SAN,Santander,2019-10-11,3.504625,3.641188,3.494563,3.634,3.034485,67125551
9,SAN,Santander,2019-10-14,3.60573,3.615792,3.560209,3.598063,3.004477,35606991
9,SAN,Santander,2019-10-15,3.641667,3.7375,3.617709,3.733188,3.117309,109011975
9,SAN,Santander,2019-10-16,3.729355,3.781105,3.672334,3.757146,3.137315,69929170
9,SAN,Santander,2019-10-17,3.733188,3.81848,3.69725,3.69725,3.0873,252452558
9,SAN,Santander,2019-10-18,3.675209,3.734625,3.670417,3.70875,3.096903,150101287
9,SAN,Santander,2019-10-21,3.746125,3.814167,3.73798,3.800271,3.173326,347155333
9,SAN,Santander,2019-10-22,3.807938,3.830938,3.770084,3.799792,3.172925,261927231
9,SAN,Santander,2019-10-23,3.780146,3.8295,3.761459,3.820396,3.19013,176495498
9,SAN,Santander,2019-10-24,3.833334,3.873105,3.784938,3.784938,3.160522,198492188
9,SAN,Santander,2019-10-25,3.80123,3.832375,3.780625,3.816084,3.18653,95128489
9,SAN,Santander,2019-10-28,3.833334,3.844355,3.808896,3.813209,3.184129,35962245
9,SAN,Santander,2019-10-29,3.819917,3.832375,3.776792,3.80123,3.174126,37463613
9,SAN,Santander,2019-10-30,3.733667,3.733667,3.529063,3.554938,3.04524,104088932
9,SAN,Santander,2019-10-31,3.541042,3.541042,3.407834,3.44425,2.950422,164560333
9,SAN,Santander,2019-11-01,3.45,3.482584,3.413105,3.459584,2.963557,164243263
9,SAN,Santander,2019-11-04,3.503667,3.578417,3.498396,3.572667,3.060426,346665473
9,SAN,Santander,2019-11-05,3.59375,3.650292,3.577459,3.625375,3.105577,289315977
9,SAN,Santander,2019-11-06,3.63975,3.679521,3.588959,3.610521,3.092854,162513446
9,SAN,Santander,2019-11-07,3.627292,3.704438,3.615792,3.68575,3.157296,179895408
9,SAN,Santander,2019-11-08,3.6685,3.670417,3.588959,3.60525,3.088338,117456300
9,SAN,Santander,2019-11-11,3.572667,3.59998,3.53673,3.584167,3.070277,72299080
9,SAN,Santander,2019-11-12,3.614355,3.635438,3.541521,3.546313,3.037851,42208177
9,SAN,Santander,2019-11-13,3.521875,3.522834,3.388667,3.422688,2.931952,140541198
9,SAN,Santander,2019-11-14,3.427959,3.437542,3.383396,3.400167,2.912659,40775018
9,SAN,Santander,2019-11-15,3.436105,3.447125,3.391063,3.425084,2.934004,71079926
9,SAN,Santander,2019-11-18,3.430834,3.453834,3.3695,3.3925,2.906092,40442171
9,SAN,Santander,2019-11-19,3.407834,3.437542,3.384834,3.404959,2.916764,47289446
9,SAN,Santander,2019-11-20,3.374292,3.392021,3.333563,3.390105,2.90404,40997594
9,SAN,Santander,2019-11-21,3.354167,3.422209,3.34123,3.419813,2.929488,64291162
9,SAN,Santander,2019-11-22,3.434667,3.511813,3.425563,3.461021,2.964788,47264813
9,SAN,Santander,2019-11-25,3.496,3.512292,3.474917,3.483542,2.98408,53673450
9,SAN,Santander,2019-11-26,3.493125,3.493125,3.435146,3.443771,2.950011,55445656
9,SAN,Santander,2019-11-27,3.462459,3.487855,3.443771,3.453355,2.958221,36877038
9,SAN,Santander,2019-11-28,3.448563,3.455271,3.403521,3.418375,2.928257,32557427
9,SAN,Santander,2019-11-29,3.406875,3.425084,3.354167,3.389625,2.903629,41599851
9,SAN,Santander,2019-12-02,3.396813,3.436584,3.328771,3.336917,2.858478,74565484
9,SAN,Santander,2019-12-03,3.345063,3.354167,3.293313,3.307688,2.83344,45331531
9,SAN,Santander,2019-12-04,3.313438,3.408313,3.309125,3.40448,2.916354,80679060
9,SAN,Santander,2019-12-05,3.414542,3.433709,3.388667,3.389625,2.903629,55661015
9,SAN,Santander,2019-12-06,3.397292,3.442334,3.380521,3.435625,2.943034,35076220
9,SAN,Santander,2019-12-09,3.430834,3.476834,3.427,3.439459,2.946317,32022155
9,SAN,Santander,2019-12-10,3.435625,3.445209,3.384834,3.433709,2.941392,73641602
9,SAN,Santander,2019-12-11,3.394417,3.4385,3.3925,3.413105,2.923742,46023026
9,SAN,Santander,2019-12-12,3.420292,3.553021,3.407834,3.534334,3.02759,66044714
9,SAN,Santander,2019-12-13,3.641667,3.689584,3.556375,3.556375,3.046471,144996086
9,SAN,Santander,2019-12-16,3.574105,3.65125,3.574105,3.64023,3.118303,85368760
9,SAN,Santander,2019-12-17,3.617709,3.641188,3.603334,3.608605,3.091212,48872722
9,SAN,Santander,2019-12-18,3.592313,3.65125,3.588959,3.638313,3.116661,56872532
9,SAN,Santander,2019-12-19,3.648855,3.65125,3.612917,3.637834,3.11625,45886812
9,SAN,Santander,2019-12-20,3.630646,3.66323,3.59423,3.66323,3.138005,266595916
9,SAN,Santander,2019-12-23,3.63975,3.642625,3.595667,3.608125,3.090801,70249796
9,SAN,Santander,2019-12-24,3.59375,3.5995,3.570271,3.598542,3.082592,7892823
9,SAN,Santander,2019-12-25,3.598542,3.598542,3.598542,3.598542,3.082592,0
9,SAN,Santander,2019-12-27,3.575063,3.615792,3.569792,3.59998,3.083824,37625535
9,SAN,Santander,2019-12-30,3.588959,3.61148,3.584167,3.586563,3.07233,27867262
9,SAN,Santander,2019-12-31,3.565,3.586563,3.531938,3.574584,3.062069,20339463
9,SAN,Santander,2020-01-02,3.612917,3.7145,3.602375,3.704917,3.173715,49940748
9,SAN,Santander,2020-01-03,3.676167,3.689584,3.615792,3.647417,3.124459,39751027
9,SAN,Santander,2020-01-06,3.612917,3.636396,3.552542,3.61723,3.0986,26771979
9,SAN,Santander,2020-01-07,3.638313,3.650771,3.584646,3.59998,3.083824,30226212
9,SAN,Santander,2020-01-08,3.5765,3.607167,3.560209,3.602375,3.085875,31351924
9,SAN,Santander,2020-01-09,3.632084,3.655084,3.60525,3.61148,3.093675,85474432
9,SAN,Santander,2020-01-10,3.617709,3.6225,3.562605,3.562605,3.051807,28374199
9,SAN,Santander,2020-01-13,3.572667,3.579855,3.505584,3.538167,3.030874,32250430
9,SAN,Santander,2020-01-14,3.543438,3.543438,3.456709,3.468209,2.970946,108755227
9,SAN,Santander,2020-01-15,3.465813,3.472042,3.41598,3.43323,2.940982,66151128
9,SAN,Santander,2020-01-16,3.440417,3.495042,3.407355,3.482584,2.98326,94275853
9,SAN,Santander,2020-01-17,3.518042,3.550146,3.504625,3.524271,3.01897,70102934
9,SAN,Santander,2020-01-20,3.509896,3.515167,3.480667,3.482584,2.98326,34145958
9,SAN,Santander,2020-01-21,3.459584,3.486417,3.435146,3.46725,2.970124,51843253
9,SAN,Santander,2020-01-22,3.469167,3.48498,3.413105,3.427959,2.936466,32877695
9,SAN,Santander,2020-01-23,3.451438,3.497917,3.408792,3.423167,2.932362,47109279
9,SAN,Santander,2020-01-24,3.461021,3.49073,3.386271,3.3925,2.906092,55008359
9,SAN,Santander,2020-01-27,3.357521,3.387709,3.321584,3.331167,2.853552,46656789
9,SAN,Santander,2020-01-28,3.349375,3.413584,3.299542,3.403042,2.915122,43785332
9,SAN,Santander,2020-01-29,3.532417,3.579375,3.488334,3.553021,3.043597,84842100
9,SAN,Santander,2020-01-30,3.5075,3.550625,3.484021,3.51373,3.00994,47996958
9,SAN,Santander,2020-01-31,3.538646,3.551584,3.404959,3.405917,2.917585,67744084
9,SAN,Santander,2020-02-03,3.427959,3.448084,3.372375,3.414063,2.924563,39064261
9,SAN,Santander,2020-02-04,3.447125,3.543917,3.436105,3.537209,3.030053,53293510
9,SAN,Santander,2020-02-05,3.5075,3.635917,3.5075,3.635917,3.114608,58155033
9,SAN,Santander,2020-02-06,3.675688,3.706355,3.622021,3.670417,3.144161,89130203
9,SAN,Santander,2020-02-07,3.653167,3.698209,3.634959,3.698209,3.167969,62714814
9,SAN,Santander,2020-02-10,3.677605,3.710188,3.652209,3.676646,3.149498,37762591
9,SAN,Santander,2020-02-11,3.692459,3.70875,3.653646,3.70875,3.176998,46883331
9,SAN,Santander,2020-02-12,3.709709,3.790209,3.704438,3.790209,3.246778,61892111
9,SAN,Santander,2020-02-13,3.74373,3.77775,3.71498,3.774875,3.233643,60350428
9,SAN,Santander,2020-02-14,3.781584,3.784938,3.756667,3.760021,3.220918,63145758
9,SAN,Santander,2020-02-17,3.774396,3.798834,3.768167,3.788292,3.245136,24360727
9,SAN,Santander,2020-02-18,3.781105,3.790688,3.73175,3.733667,3.198343,46830010
9,SAN,Santander,2020-02-19,3.758584,3.788771,3.734625,3.753792,3.215582,34884819
9,SAN,Santander,2020-02-20,3.747084,3.76673,3.688625,3.688625,3.159759,45653319
9,SAN,Santander,2020-02-21,3.653167,3.677125,3.590396,3.624417,3.104757,64829488
9,SAN,Santander,2020-02-24,3.497917,3.533855,3.437063,3.469646,2.972176,66775982
9,SAN,Santander,2020-02-25,3.485938,3.485938,3.355605,3.362313,2.880233,74477813
9,SAN,Santander,2020-02-26,3.354167,3.435146,3.296667,3.397771,2.910607,100444931
9,SAN,Santander,2020-02-27,3.345542,3.362792,3.22,3.277021,2.80717,107969260
9,SAN,Santander,2020-02-28,3.194125,3.230542,3.120334,3.188375,2.731233,135664177
9,SAN,Santander,2020-03-02,3.267917,3.272229,3.031688,3.119375,2.672126,107224420
9,SAN,Santander,2020-03-03,3.162979,3.238688,3.080563,3.100688,2.656119,149415399
9,SAN,Santander,2020-03-04,3.124646,3.175438,3.057563,3.158188,2.705374,81865630
9,SAN,Santander,2020-03-05,3.185979,3.186459,2.967959,2.997188,2.567459,118313387
9,SAN,Santander,2020-03-06,2.925792,2.957896,2.858229,2.917646,2.499321,129330400
9,SAN,Santander,2020-03-09,2.779167,2.780125,2.524729,2.568333,2.200092,207650326
9,SAN,Santander,2020-03-10,2.632542,2.773417,2.511792,2.5415,2.177106,140243644
9,SAN,Santander,2020-03-11,2.588938,2.730292,2.564979,2.626313,2.249758,129763013
9,SAN,Santander,2020-03-12,2.509875,2.515625,2.174458,2.183563,1.870489,234165546
9,SAN,Santander,2020-03-13,2.272208,2.501729,2.099708,2.163438,1.85325,161057338
9,SAN,Santander,2020-03-16,2.09875,2.107375,1.84805,1.933917,1.656637,206091071
9,SAN,Santander,2020-03-17,2.127021,2.1275,1.876608,2.084375,1.785522,155017680
9,SAN,Santander,2020-03-18,2.042688,2.089167,1.916667,1.955,1.674697,132374591
9,SAN,Santander,2020-03-19,2.026396,2.04125,1.917625,1.957875,1.67716,108669656
9,SAN,Santander,2020-03-20,2.031667,2.07,1.925292,2.021125,1.731341,149074243
9,SAN,Santander,2020-03-23,1.928167,2.117917,1.926729,2.026875,1.736266,92313405
9,SAN,Santander,2020-03-24,2.117917,2.270292,2.091083,2.270292,1.944783,94129031
9,SAN,Santander,2020-03-25,2.372354,2.415,2.225729,2.369958,2.030159,106542398
9,SAN,Santander,2020-03-26,2.275563,2.394875,2.257833,2.356063,2.018256,79421726
9,SAN,Santander,2020-03-27,2.3,2.31725,2.1735,2.216146,1.8984,71084839
9,SAN,Santander,2020-03-30,2.15625,2.175417,2.060417,2.122229,1.817949,104162725
9,SAN,Santander,2020-03-31,2.146667,2.186438,2.104979,2.125583,1.820822,87689799
9,SAN,Santander,2020-04-01,2.047,2.074313,2.014417,2.057063,1.762126,77832242
9,SAN,Santander,2020-04-02,2.089167,2.128938,2.0125,2.061854,1.76623,71893904
9,SAN,Santander,2020-04-03,2.022083,2.04125,1.984229,2.009625,1.72149,74860512
9,SAN,Santander,2020-04-06,2.113604,2.145708,2.060417,2.140917,1.833958,79884864
9,SAN,Santander,2020-04-07,2.194583,2.261188,2.094438,2.154333,1.84545,78233454
9,SAN,Santander,2020-04-08,2.093,2.142354,2.074792,2.122229,1.817949,56071651
9,SAN,Santander,2020-04-09,2.168708,2.170146,2.074792,2.074792,1.777313,96444637
9,SAN,Santander,2020-04-14,2.125104,2.1275,2.017292,2.032625,1.741192,81912698
9,SAN,Santander,2020-04-15,2.032625,2.034542,1.917625,1.917625,1.642681,130683830
9,SAN,Santander,2020-04-16,1.955,1.976083,1.869708,1.886575,1.616082,74726755
9,SAN,Santander,2020-04-17,1.974167,1.974167,1.870667,1.877758,1.60853,91478406
9,SAN,Santander,2020-04-20,1.910917,1.910917,1.808375,1.869708,1.601634,79779248
9,SAN,Santander,2020-04-21,1.820833,1.830417,1.786908,1.792467,1.535467,58965928
9,SAN,Santander,2020-04-22,1.81125,1.854375,1.792083,1.844025,1.579633,56361286
9,SAN,Santander,2020-04-23,1.862042,1.932958,1.847667,1.913792,1.639397,99308363
9,SAN,Santander,2020-04-24,1.854375,1.892133,1.824667,1.824667,1.563051,55513920
9,SAN,Santander,2020-04-27,1.906125,1.906892,1.840958,1.887725,1.617067,46701840
9,SAN,Santander,2020-04-28,1.863958,2.019208,1.860317,1.978,1.694399,79861533
9,SAN,Santander,2020-04-29,1.98375,2.081979,1.969854,2.074313,1.776903,68643204
9,SAN,Santander,2020-04-30,2.076708,2.104021,1.934396,1.952604,1.757365,120458238
9,SAN,Santander,2020-05-04,1.910917,1.925771,1.8676,1.877758,1.690002,75360653
9,SAN,Santander,2020-05-05,1.922417,1.955,1.872583,1.908042,1.717258,64679090
9,SAN,Santander,2020-05-06,1.906317,1.918104,1.845942,1.855908,1.670337,49659329
9,SAN,Santander,2020-05-07,1.859358,1.88945,1.849392,1.877375,1.689658,40824255
9,SAN,Santander,2020-05-08,1.88255,1.924333,1.861083,1.91475,1.723296,32503278
9,SAN,Santander,2020-05-11,1.935833,1.97225,1.852458,1.8607,1.67465,46262468
9,SAN,Santander,2020-05-12,1.840192,1.899033,1.840192,1.873158,1.685862,37437662
9,SAN,Santander,2020-05-13,1.8423,1.853417,1.795533,1.795533,1.615999,58700122
9,SAN,Santander,2020-05-14,1.7825,1.819683,1.725,1.793233,1.613929,112284656
9,SAN,Santander,2020-05-15,1.809908,1.8239,1.740333,1.757392,1.581672,65731156
9,SAN,Santander,2020-05-18,1.794575,1.852075,1.76525,1.850542,1.665508,65886065
9,SAN,Santander,2020-05-19,1.8975,1.924333,1.717525,1.747233,1.572529,138520704
9,SAN,Santander,2020-05-20,1.744167,1.807608,1.702,1.806267,1.62566,87949958
9,SAN,Santander,2020-05-21,1.780008,1.820833,1.758542,1.780775,1.602717,78564654
9,SAN,Santander,2020-05-22,1.758733,1.850542,1.737458,1.816808,1.635147,71483314
9,SAN,Santander,2020-05-25,1.849583,1.866067,1.822367,1.855908,1.670337,36162054
9,SAN,Santander,2020-05-26,1.899608,1.967937,1.890217,1.964583,1.768146,104703714
9,SAN,Santander,2020-05-27,1.993333,2.069042,1.98375,2.060417,1.854397,163041496
9,SAN,Santander,2020-05-28,2.060417,2.079583,1.985187,2.043646,1.839303,84254726
9,SAN,Santander,2020-05-29,2.011542,2.023042,1.932479,1.952604,1.757365,94033974
9,SAN,Santander,2020-06-01,2.004833,2.018729,1.950208,1.986146,1.787553,46868074
9,SAN,Santander,2020-06-02,1.998125,2.09875,1.978958,2.073354,1.866041,90360536
9,SAN,Santander,2020-06-03,2.104979,2.152896,2.082938,2.139479,1.925554,104291317
9,SAN,Santander,2020-06-04,2.120792,2.204167,2.090125,2.174938,1.957468,155656164
9,SAN,Santander,2020-06-05,2.232917,2.424583,2.231,2.421708,2.179563,179073551
9,SAN,Santander,2020-06-08,2.395833,2.491667,2.373313,2.448542,2.203714,153582762
9,SAN,Santander,2020-06-09,2.433208,2.441354,2.323958,2.396313,2.156708,105918101
9,SAN,Santander,2020-06-10,2.436563,2.485917,2.307667,2.329229,2.096331,106533532
9,SAN,Santander,2020-06-11,2.21375,2.229083,2.112646,2.112646,1.901404,145378645
9,SAN,Santander,2020-06-12,2.0815,2.192667,2.071917,2.120792,1.908736,104574909
9,SAN,Santander,2020-06-15,2.014896,2.086292,2.0125,2.060896,1.854829,91745881
9,SAN,Santander,2020-06-16,2.131813,2.216146,2.08725,2.15625,1.940648,89181618
9,SAN,Santander,2020-06-17,2.1505,2.199375,2.120313,2.153375,1.938061,105297491
9,SAN,Santander,2020-06-18,2.129417,2.174458,2.057542,2.094917,1.885448,110590741
9,SAN,Santander,2020-06-19,2.1275,2.133729,2.055625,2.063292,1.856985,308358441
9,SAN,Santander,2020-06-22,2.049396,2.082938,2.024479,2.040771,1.836716,50640206
9,SAN,Santander,2020-06-23,2.069042,2.177333,2.049396,2.141396,1.927279,86341389
9,SAN,Santander,2020-06-24,2.125583,2.169667,2.046042,2.046042,1.84146,46782259
9,SAN,Santander,2020-06-25,2.04125,2.104021,2.004833,2.097313,1.887604,71505718
9,SAN,Santander,2020-06-26,2.125104,2.129417,2.033104,2.033104,1.829815,65801602
9,SAN,Santander,2020-06-29,2.041729,2.128938,2.018729,2.115042,1.903561,51935742
9,SAN,Santander,2020-06-30,2.100667,2.116958,2.039333,2.083896,1.875529,55657742
9,SAN,Santander,2020-07-01,2.085813,2.103542,2.032625,2.053708,1.848359,46316352
9,SAN,Santander,2020-07-02,2.092042,2.228125,2.073354,2.190271,1.971268,86761795
9,SAN,Santander,2020-07-03,2.188354,2.201292,2.111208,2.134688,1.921242,42074784
9,SAN,Santander,2020-07-06,2.214708,2.281792,2.204167,2.239625,2.015687,63384499
9,SAN,Santander,2020-07-07,2.21375,2.226208,2.173021,2.173021,1.955742,49532159
9,SAN,Santander,2020-07-08,2.152896,2.163438,2.116958,2.123667,1.911323,44230272
9,SAN,Santander,2020-07-09,2.142833,2.151458,2.082458,2.083896,1.875529,65119315
9,SAN,Santander,2020-07-10,2.060417,2.1275,2.055625,2.1275,1.914773,45390302
9,SAN,Santander,2020-07-13,2.170146,2.185,2.126542,2.152417,1.937199,41570437
9,SAN,Santander,2020-07-14,2.141875,2.150979,2.100188,2.131333,1.918223,42544978
9,SAN,Santander,2020-07-15,2.149063,2.202729,2.085813,2.172542,1.955311,83717997
9,SAN,Santander,2020-07-16,2.169667,2.1965,2.143313,2.166313,1.949705,38014757
9,SAN,Santander,2020-07-17,2.158167,2.164875,2.097313,2.122708,1.91046,76359302
9,SAN,Santander,2020-07-20,2.117917,2.124625,2.081979,2.117917,1.906148,36951523
9,SAN,Santander,2020-07-21,2.135646,2.216146,2.093479,2.105938,1.895367,73291726
9,SAN,Santander,2020-07-22,2.103542,2.126542,2.049875,2.061375,1.85526,49731841
9,SAN,Santander,2020-07-23,2.066167,2.0815,2.021604,2.02975,1.826797,59291928
9,SAN,Santander,2020-07-24,2.013458,2.060417,1.999083,2.037417,1.833697,41808351
9,SAN,Santander,2020-07-27,2.022083,2.024958,1.966021,1.988542,1.789709,56736540
9,SAN,Santander,2020-07-28,1.980875,2.025438,1.978479,2.014896,1.813428,49491982
9,SAN,Santander,2020-07-29,1.98375,1.998125,1.8975,1.920021,1.72804,85772432
9,SAN,Santander,2020-07-30,1.9205,1.925771,1.795725,1.809717,1.628765,99273721
9,SAN,Santander,2020-07-31,1.833483,1.841725,1.733242,1.733242,1.559936,88986681
9,SAN,Santander,2020-08-03,1.744167,1.787675,1.6928,1.779625,1.601682,89381904
9,SAN,Santander,2020-08-04,1.803775,1.849583,1.78825,1.839617,1.655675,66751557
9,SAN,Santander,2020-08-05,1.849583,1.870858,1.797258,1.81125,1.630145,42250843
9,SAN,Santander,2020-08-06,1.800325,1.826392,1.761225,1.787292,1.608582,43262149
9,SAN,Santander,2020-08-07,1.772533,1.786333,1.725,1.75835,1.582534,53876306
9,SAN,Santander,2020-08-10,1.796875,1.829842,1.779625,1.814892,1.633422,63752024
9,SAN,Santander,2020-08-11,1.830992,1.924812,1.830992,1.918583,1.726745,72927216
9,SAN,Santander,2020-08-12,1.916667,1.963146,1.903825,1.905167,1.714671,55336486
9,SAN,Santander,2020-08-13,1.88485,1.92625,1.86645,1.86645,1.679825,40406162
9,SAN,Santander,2020-08-14,1.858017,1.859167,1.7894,1.8469,1.66223,51759295
9,SAN,Santander,2020-08-17,1.83885,1.866642,1.808375,1.812017,1.630835,39663919
9,SAN,Santander,2020-08-18,1.799558,1.851692,1.7848,1.798792,1.618932,36795007
9,SAN,Santander,2020-08-19,1.787483,1.853608,1.780392,1.853608,1.668267,25485366
9,SAN,Santander,2020-08-20,1.817,1.817192,1.776558,1.776558,1.598921,40698269
9,SAN,Santander,2020-08-21,1.784992,1.796875,1.725958,1.751067,1.575979,50665297
9,SAN,Santander,2020-08-24,1.769275,1.818917,1.763525,1.818917,1.637045,34871042
9,SAN,Santander,2020-08-25,1.847475,1.881208,1.8147,1.816233,1.634629,48007338
9,SAN,Santander,2020-08-26,1.803583,1.851692,1.796875,1.840575,1.656537,22642268
9,SAN,Santander,2020-08-27,1.832717,1.835208,1.783075,1.82045,1.638424,42121969
9,SAN,Santander,2020-08-28,1.834633,1.890025,1.821025,1.88025,1.692245,53372983
9,SAN,Santander,2020-08-31,1.8975,1.907083,1.785183,1.785183,1.606684,50831606
9,SAN,Santander,2020-09-01,1.820833,1.822942,1.755667,1.792083,1.612894,61740734
9,SAN,Santander,2020-09-02,1.794767,1.805883,1.739758,1.748192,1.573392,50759460
9,SAN,Santander,2020-09-03,1.772917,1.830417,1.754133,1.766208,1.589606,60105148
9,SAN,Santander,2020-09-04,1.801667,1.852458,1.783267,1.8262,1.6436,84676596
9,SAN,Santander,2020-09-07,1.852075,1.875458,1.800708,1.8331,1.64981,45383638
9,SAN,Santander,2020-09-08,1.837317,1.86875,1.774833,1.778283,1.600474,49676720
9,SAN,Santander,2020-09-09,1.780967,1.81125,1.750875,1.806267,1.62566,65541590
9,SAN,Santander,2020-09-10,1.805117,1.810483,1.753175,1.7687,1.591849,70817252
9,SAN,Santander,2020-09-11,1.769083,1.770617,1.725,1.730175,1.557176,67300185
9,SAN,Santander,2020-09-14,1.749342,1.75375,1.708708,1.738417,1.564594,47388461
9,SAN,Santander,2020-09-15,1.727875,1.748,1.707942,1.719058,1.547171,58317486
9,SAN,Santander,2020-09-16,1.7319,1.732858,1.6675,1.722317,1.550104,73821401
9,SAN,Santander,2020-09-17,1.683792,1.703533,1.665583,1.688583,1.519743,58485357
9,SAN,Santander,2020-09-18,1.686092,1.686667,1.605017,1.624758,1.4623,243662750
9,SAN,Santander,2020-09-21,1.60195,1.60195,1.51685,1.52375,1.371391,109821767
9,SAN,Santander,2020-09-22,1.570325,1.571667,1.485417,1.495383,1.345861,102761793
9,SAN,Santander,2020-09-23,1.508225,1.546558,1.473533,1.473533,1.326196,89346211
9,SAN,Santander,2020-09-24,1.444017,1.502475,1.439417,1.481583,1.333441,89977785
9,SAN,Santander,2020-09-25,1.497875,1.523558,1.467017,1.485033,1.336546,61836173
9,SAN,Santander,2020-09-28,1.521642,1.586233,1.5088,1.586233,1.427627,77060993
9,SAN,Santander,2020-09-29,1.564,1.564,1.518958,1.525858,1.373289,51702194
9,SAN,Santander,2020-09-30,1.495,1.558825,1.487525,1.53295,1.379672,63638344
9,SAN,Santander,2020-10-01,1.563425,1.564767,1.499983,1.514167,1.362767,56669078
9,SAN,Santander,2020-10-02,1.49155,1.520875,1.478325,1.512825,1.361559,61718768
9,SAN,Santander,2020-10-05,1.533333,1.556333,1.518575,1.541958,1.387779,51445961
9,SAN,Santander,2020-10-06,1.540233,1.650442,1.528733,1.637983,1.474202,84277118
9,SAN,Santander,2020-10-07,1.619967,1.635875,1.607317,1.616708,1.455055,52576217
9,SAN,Santander,2020-10-08,1.631467,1.662325,1.62725,1.6445,1.480068,48935255
9,SAN,Santander,2020-10-09,1.647375,1.659833,1.612108,1.623417,1.461093,66656428
9,SAN,Santander,2020-10-12,1.617283,1.634533,1.588533,1.599267,1.439358,38805814
9,SAN,Santander,2020-10-13,1.596008,1.599267,1.541383,1.546175,1.391574,44692023
9,SAN,Santander,2020-10-14,1.550583,1.583167,1.538508,1.548283,1.393471,43728397
9,SAN,Santander,2020-10-15,1.533333,1.5364,1.495958,1.533525,1.380189,51968198
9,SAN,Santander,2020-10-16,1.543108,1.585083,1.503817,1.574158,1.416759,63773920
9,SAN,Santander,2020-10-19,1.575692,1.611917,1.55825,1.584892,1.42642,46426979
9,SAN,Santander,2020-10-20,1.568792,1.654275,1.565917,1.628783,1.465922,67774651
9,SAN,Santander,2020-10-21,1.665583,1.676125,1.599075,1.599075,1.439185,58815285
9,SAN,Santander,2020-10-22,1.5847,1.625142,1.564958,1.617092,1.4554,70560047
9,SAN,Santander,2020-10-23,1.62265,1.686667,1.619775,1.671333,1.504218,57002845
9,SAN,Santander,2020-10-26,1.627633,1.679192,1.623033,1.651017,1.485933,53051933
9,SAN,Santander,2020-10-27,1.705833,1.732667,1.620542,1.626867,1.464198,92848653
9,SAN,Santander,2020-10-28,1.590833,1.630125,1.56055,1.575308,1.417794,89028128
9,SAN,Santander,2020-10-29,1.596583,1.627825,1.560167,1.591408,1.432284,70005492
9,SAN,Santander,2020-10-30,1.58125,1.645458,1.577225,1.639517,1.475583,74623634
9,SAN,Santander,2020-11-02,1.661942,1.708325,1.640667,1.708325,1.537511,50483841
9,SAN,Santander,2020-11-03,1.724808,1.774642,1.7066,1.774642,1.597197,88000563
9,SAN,Santander,2020-11-04,1.714458,1.7388,1.683792,1.702,1.531818,79084593
9,SAN,Santander,2020-11-05,1.715417,1.764675,1.665967,1.754325,1.578911,90971165
9,SAN,Santander,2020-11-06,1.746658,1.781542,1.704492,1.712542,1.541306,54599130
9,SAN,Santander,2020-11-09,1.730942,2.048917,1.71695,2.041729,1.837578,208230609
9,SAN,Santander,2020-11-10,2.04125,2.217104,2.028313,2.217104,1.995418,255995304
9,SAN,Santander,2020-11-11,2.216625,2.252083,2.144271,2.250646,2.025606,158788693
9,SAN,Santander,2020-11-12,2.185,2.22525,2.165354,2.221417,1.999299,94613361
9,SAN,Santander,2020-11-13,2.200333,2.311021,2.192667,2.286583,2.057949,104636048
9,SAN,Santander,2020-11-16,2.4,2.44,2.3335,2.351,2.115926,151831363
9,SAN,Santander,2020-11-17,2.327,2.379,2.283,2.368,2.131226,87341652
9,SAN,Santander,2020-11-18,2.3445,2.3695,2.32,2.362,2.125825,63448609
9,SAN,Santander,2020-11-19,2.325,2.339,2.286,2.3245,2.092075,63700057
9,SAN,Santander,2020-11-20,2.3275,2.3505,2.3115,2.3365,2.102875,56329295
9,SAN,Santander,2020-11-23,2.3585,2.3865,2.336,2.3545,2.119075,55673682
9,SAN,Santander,2020-11-24,2.38,2.4835,2.37,2.4835,2.235177,74449494
9,SAN,Santander,2020-11-25,2.5,2.52,2.4075,2.4615,2.215376,68996058
9,SAN,Santander,2020-11-26,2.4375,2.45,2.3985,2.4275,2.184777,64613614
9,SAN,Santander,2020-11-27,2.3955,2.4745,2.387,2.465,2.218526,68378162
9,SAN,Santander,2020-11-30,2.438,2.4555,2.3855,2.4175,2.175776,98260002
9,SAN,Santander,2020-12-01,2.44,2.5585,2.438,2.5585,2.302678,134247828
9,SAN,Santander,2020-12-02,2.551,2.69,2.5335,2.68,2.412029,102234301
9,SAN,Santander,2020-12-03,2.6645,2.7225,2.6305,2.7075,2.436779,70036457
9,SAN,Santander,2020-12-04,2.7,2.862,2.692,2.862,2.575831,112272247
9,SAN,Santander,2020-12-07,2.83,2.8325,2.704,2.726,2.45343,80726643
9,SAN,Santander,2020-12-08,2.718,2.7855,2.7005,2.7715,2.49438,60260390
9,SAN,Santander,2020-12-09,2.765,2.7935,2.724,2.7255,2.452979,44851636
9,SAN,Santander,2020-12-10,2.75,2.762,2.601,2.648,2.383229,73696249
9,SAN,Santander,2020-12-11,2.648,2.658,2.5255,2.575,2.317528,99059514
9,SAN,Santander,2020-12-14,2.636,2.686,2.612,2.623,2.360729,56773854
9,SAN,Santander,2020-12-15,2.623,2.735,2.601,2.7045,2.434079,66776888
9,SAN,Santander,2020-12-16,2.67,2.735,2.6525,2.679,2.411129,53532238
9,SAN,Santander,2020-12-17,2.7,2.7145,2.658,2.6885,2.419679,56463952
9,SAN,Santander,2020-12-18,2.665,2.7135,2.5785,2.5785,2.320678,197256695
9,SAN,Santander,2020-12-21,2.4595,2.513,2.41,2.451,2.205927,136970378
9,SAN,Santander,2020-12-22,2.475,2.54,2.4645,2.531,2.277927,40264148
9,SAN,Santander,2020-12-23,2.532,2.63,2.5225,2.6195,2.357578,76461512
9,SAN,Santander,2020-12-24,2.6395,2.6765,2.63,2.67,2.403029,27302039
9,SAN,Santander,2020-12-28,2.7,2.712,2.567,2.5905,2.331478,32046821
9,SAN,Santander,2020-12-29,2.61,2.6345,2.564,2.5915,2.332378,26968286
9,SAN,Santander,2020-12-30,2.5795,2.6155,2.575,2.575,2.317528,26266641
9,SAN,Santander,2020-12-31,2.5415,2.5725,2.531,2.538,2.284227,14716870
9,SAN,Santander,2021-01-04,2.592,2.5975,2.514,2.5665,2.309877,61027452
9,SAN,Santander,2021-01-05,2.5335,2.5935,2.528,2.5755,2.317978,34085777
9,SAN,Santander,2021-01-06,2.6495,2.7925,2.6295,2.7525,2.47728,73687945
9,SAN,Santander,2021-01-07,2.7695,2.8,2.701,2.793,2.51373,54802375
9,SAN,Santander,2021-01-08,2.8,2.8,2.71,2.76,2.48403,63402423
9,SAN,Santander,2021-01-11,2.7665,2.8435,2.7455,2.81,2.52903,96157126
9,SAN,Santander,2021-01-12,2.83,2.866,2.813,2.8495,2.564581,53299177
9,SAN,Santander,2021-01-13,2.84,2.8525,2.8105,2.832,2.548831,39255989
9,SAN,Santander,2021-01-14,2.83,2.8535,2.786,2.801,2.52093,56732296
9,SAN,Santander,2021-01-15,2.7815,2.835,2.7045,2.7205,2.448479,102873900
9,SAN,Santander,2021-01-18,2.7,2.75,2.692,2.738,2.464229,67986442
9,SAN,Santander,2021-01-19,2.768,2.771,2.684,2.684,2.415629,51587855
9,SAN,Santander,2021-01-20,2.73,2.735,2.6625,2.6885,2.419679,56048675
9,SAN,Santander,2021-01-21,2.7,2.7165,2.64,2.64,2.376029,83061544
9,SAN,Santander,2021-01-22,2.606,2.61,2.548,2.581,2.322928,82196849
9,SAN,Santander,2021-01-25,2.5985,2.6185,2.4755,2.49,2.241027,50395819
9,SAN,Santander,2021-01-26,2.4915,2.561,2.4855,2.5325,2.279277,39204006
9,SAN,Santander,2021-01-27,2.51,2.524,2.422,2.4325,2.189276,55168498
9,SAN,Santander,2021-01-28,2.405,2.497,2.375,2.4815,2.233377,48708942
9,SAN,Santander,2021-01-29,2.43,2.451,2.388,2.415,2.173526,67089538
9,SAN,Santander,2021-02-01,2.4575,2.4735,2.412,2.417,2.175326,59245603
9,SAN,Santander,2021-02-02,2.438,2.5615,2.4315,2.537,2.283327,74092009
9,SAN,Santander,2021-02-03,2.628,2.6655,2.5455,2.554,2.298627,65670840
9,SAN,Santander,2021-02-04,2.57,2.7045,2.5385,2.69,2.421029,91259735
9,SAN,Santander,2021-02-05,2.6805,2.7885,2.652,2.788,2.50923,84329439
9,SAN,Santander,2021-02-08,2.8235,2.8595,2.782,2.845,2.560531,78450275
9,SAN,Santander,2021-02-09,2.84,2.846,2.805,2.832,2.548831,48848870
9,SAN,Santander,2021-02-10,2.85,2.88,2.79,2.8375,2.553781,45426840
9,SAN,Santander,2021-02-11,2.828,2.851,2.767,2.7965,2.51688,36747505
9,SAN,Santander,2021-02-12,2.791,2.796,2.7235,2.795,2.51553,43483237
9,SAN,Santander,2021-02-15,2.848,2.925,2.827,2.91,2.619031,57157904
9,SAN,Santander,2021-02-16,2.91,2.92,2.8625,2.9115,2.620382,58425475
9,SAN,Santander,2021-02-17,2.91,2.975,2.8735,2.8945,2.605082,56926630
9,SAN,Santander,2021-02-18,2.891,2.9195,2.837,2.8555,2.569981,48245903
9,SAN,Santander,2021-02-19,2.88,2.994,2.84,2.9755,2.677982,71782024
9,SAN,Santander,2021-02-22,2.95,2.95,2.8515,2.8955,2.605981,57631313
9,SAN,Santander,2021-02-23,2.9,2.9675,2.8915,2.9505,2.655482,55913983
9,SAN,Santander,2021-02-24,2.9425,2.9725,2.903,2.9625,2.666282,43189381
9,SAN,Santander,2021-02-25,2.99,3.068,2.9555,2.9655,2.668982,74886602
9,SAN,Santander,2021-02-26,2.899,2.9595,2.8705,2.8975,2.607781,60359143
9,SAN,Santander,2021-03-01,2.94,2.969,2.902,2.92,2.628032,35794286
9,SAN,Santander,2021-03-02,2.89,2.941,2.871,2.8925,2.603281,38527302
9,SAN,Santander,2021-03-03,2.919,3.007,2.906,2.9445,2.650082,70166476
9,SAN,Santander,2021-03-04,2.92,2.958,2.8915,2.942,2.647832,47437353
9,SAN,Santander,2021-03-05,2.948,3.039,2.9035,2.98,2.682032,123632071
9,SAN,Santander,2021-03-08,3.03,3.063,2.987,3.0545,2.749083,51346602
9,SAN,Santander,2021-03-09,3.0385,3.039,2.915,2.9735,2.676182,75725038
9,SAN,Santander,2021-03-10,2.955,3.0025,2.9325,2.9615,2.665382,49376299
9,SAN,Santander,2021-03-11,2.965,2.985,2.854,2.9195,2.627582,42499131
9,SAN,Santander,2021-03-12,2.9015,2.98,2.9,2.9735,2.676182,35015714
9,SAN,Santander,2021-03-15,2.98,3.025,2.901,2.931,2.637932,44504469
9,SAN,Santander,2021-03-16,2.9495,2.977,2.887,2.9145,2.623081,49273341
9,SAN,Santander,2021-03-17,2.9165,2.954,2.895,2.927,2.634332,41665238
9,SAN,Santander,2021-03-18,2.9505,3.017,2.9445,2.986,2.687432,76321718
9,SAN,Santander,2021-03-19,2.95,2.969,2.888,2.891,2.601931,89725250
9,SAN,Santander,2021-03-22,2.885,2.902,2.8285,2.8425,2.558281,44021407
9,SAN,Santander,2021-03-23,2.828,2.874,2.8135,2.86,2.574031,34284672
9,SAN,Santander,2021-03-24,2.805,2.8775,2.773,2.8775,2.589781,54320565
9,SAN,Santander,2021-03-25,2.863,2.876,2.803,2.8555,2.569981,33631077
9,SAN,Santander,2021-03-26,2.94,2.967,2.896,2.896,2.606431,48837965
9,SAN,Santander,2021-03-29,2.8755,2.9085,2.851,2.864,2.577631,37653210
9,SAN,Santander,2021-03-30,2.897,2.948,2.8805,2.9415,2.647381,35868164
9,SAN,Santander,2021-03-31,2.92,2.9385,2.886,2.897,2.607332,44093608
9,SAN,Santander,2021-04-01,2.9075,2.91,2.8675,2.883,2.594731,26423239
9,SAN,Santander,2021-04-06,2.933,2.967,2.912,2.9245,2.632081,42587454
9,SAN,Santander,2021-04-07,2.925,2.964,2.9085,2.95,2.655031,41405003
9,SAN,Santander,2021-04-08,2.9585,2.971,2.879,2.922,2.629831,33387402
9,SAN,Santander,2021-04-09,2.9245,2.941,2.886,2.903,2.612732,32749030
9,SAN,Santander,2021-04-12,2.898,2.937,2.8615,2.9075,2.616781,40335823
9,SAN,Santander,2021-04-13,2.91,2.945,2.859,2.88,2.592031,46407008
9,SAN,Santander,2021-04-14,2.871,2.9195,2.8645,2.9085,2.617682,33824829
9,SAN,Santander,2021-04-15,2.9055,2.923,2.8325,2.8395,2.555581,34442258
9,SAN,Santander,2021-04-16,2.85,2.897,2.84,2.874,2.586631,37246275
9,SAN,Santander,2021-04-19,2.881,2.9785,2.868,2.965,2.668532,75691120
9,SAN,Santander,2021-04-20,2.955,2.9715,2.8435,2.8515,2.566381,79870076
9,SAN,Santander,2021-04-21,2.862,2.8915,2.7665,2.817,2.53533,70693560
9,SAN,Santander,2021-04-22,2.812,2.8585,2.7895,2.8455,2.560981,24676034
9,SAN,Santander,2021-04-23,2.826,2.873,2.8055,2.847,2.56233,88915260
9,SAN,Santander,2021-04-26,2.851,2.922,2.816,2.914,2.622632,55860827
9,SAN,Santander,2021-04-27,2.91,3.06,2.8935,3.06,2.754033,81697547
9,SAN,Santander,2021-04-28,3.0395,3.145,3.015,3.1425,2.828284,74686360
9,SAN,Santander,2021-04-29,3.141,3.213,3.13,3.198,2.878234,73867252
9,SAN,Santander,2021-04-30,3.1625,3.22,3.122,3.215,2.918633,51238824
9,SAN,Santander,2021-05-03,3.21,3.22,3.1705,3.197,2.902292,88811746
9,SAN,Santander,2021-05-04,3.1855,3.25,3.1365,3.159,2.867795,55897091
9,SAN,Santander,2021-05-05,3.193,3.225,3.176,3.225,2.927711,34887809
9,SAN,Santander,2021-05-06,3.227,3.256,3.189,3.2185,2.92181,39784669
9,SAN,Santander,2021-05-07,3.25,3.255,3.161,3.216,2.91954,54488970
9,SAN,Santander,2021-05-10,3.249,3.339,3.2315,3.306,3.001244,56526024
9,SAN,Santander,2021-05-11,3.273,3.2915,3.215,3.25,2.950406,48858497
9,SAN,Santander,2021-05-12,3.2385,3.3015,3.2005,3.2875,2.984449,56726675
9,SAN,Santander,2021-05-13,3.24,3.2795,3.1985,3.264,2.963115,50608456
9,SAN,Santander,2021-05-14,3.297,3.36,3.2835,3.353,3.043911,53367128
9,SAN,Santander,2021-05-17,3.344,3.373,3.3015,3.331,3.023939,51530142
9,SAN,Santander,2021-05-18,3.365,3.397,3.337,3.3705,3.059798,47788347
9,SAN,Santander,2021-05-19,3.3345,3.398,3.256,3.2925,2.988988,68048199
9,SAN,Santander,2021-05-20,3.3285,3.3355,3.253,3.318,3.012137,32388494
9,SAN,Santander,2021-05-21,3.3055,3.3805,3.2995,3.3695,3.05889,52562485
9,SAN,Santander,2021-05-24,3.39,3.3935,3.324,3.3585,3.048904,26447428
9,SAN,Santander,2021-05-25,3.371,3.417,3.3505,3.3745,3.063429,33262158
9,SAN,Santander,2021-05-26,3.37,3.3795,3.29,3.3545,3.045273,45900643
9,SAN,Santander,2021-05-27,3.3415,3.4695,3.334,3.4475,3.1297,68738777
9,SAN,Santander,2021-05-28,3.48,3.4895,3.4165,3.4505,3.132423,38368295
9,SAN,Santander,2021-05-31,3.455,3.46,3.42,3.424,3.108366,16934515
9,SAN,Santander,2021-06-01,3.445,3.486,3.435,3.478,3.157388,26900954
9,SAN,Santander,2021-06-02,3.48,3.4925,3.443,3.475,3.154665,55661078
9,SAN,Santander,2021-06-03,3.467,3.509,3.454,3.506,3.182807,49448792
9,SAN,Santander,2021-06-04,3.504,3.508,3.438,3.4425,3.125161,43573892
9,SAN,Santander,2021-06-07,3.425,3.4735,3.4135,3.461,3.141955,33511549
9,SAN,Santander,2021-06-08,3.4455,3.47,3.3705,3.3985,3.085217,52819898
9,SAN,Santander,2021-06-09,3.4,3.4235,3.3625,3.381,3.06933,105250013
9,SAN,Santander,2021-06-10,3.418,3.508,3.405,3.446,3.128338,61886842
9,SAN,Santander,2021-06-11,3.433,3.441,3.405,3.4345,3.117898,26009851
9,SAN,Santander,2021-06-14,3.456,3.4675,3.416,3.4375,3.120622,38788194
9,SAN,Santander,2021-06-15,3.443,3.443,3.392,3.426,3.110182,46217059
9,SAN,Santander,2021-06-16,3.449,3.4555,3.343,3.364,3.053897,38868740
9,SAN,Santander,2021-06-17,3.4,3.475,3.362,3.362,3.052081,106122630
9,SAN,Santander,2021-06-18,3.35,3.368,3.2505,3.2885,2.985357,168785625
9,SAN,Santander,2021-06-21,3.2385,3.295,3.2115,3.28,2.97764,49066696
9,SAN,Santander,2021-06-22,3.3035,3.3035,3.2325,3.2875,2.984449,42840277
9,SAN,Santander,2021-06-23,3.295,3.331,3.2655,3.2755,2.973555,28468283
9,SAN,Santander,2021-06-24,3.308,3.357,3.283,3.318,3.012137,27902570
9,SAN,Santander,2021-06-25,3.33,3.3595,3.304,3.3555,3.046181,29038150
9,SAN,Santander,2021-06-28,3.3495,3.3575,3.2625,3.2625,2.961753,23234650
9,SAN,Santander,2021-06-29,3.271,3.308,3.2505,3.274,2.972193,22552387
9,SAN,Santander,2021-06-30,3.256,3.265,3.207,3.2195,2.922718,43712554
9,SAN,Santander,2021-07-01,3.239,3.313,3.239,3.2895,2.986264,24175718
9,SAN,Santander,2021-07-02,3.299,3.304,3.213,3.2225,2.925441,26321915
9,SAN,Santander,2021-07-05,3.221,3.286,3.207,3.2655,2.964477,22476658
9,SAN,Santander,2021-07-06,3.277,3.29,3.1505,3.162,2.870517,30318460
9,SAN,Santander,2021-07-07,3.166,3.1855,3.109,3.145,2.855085,34066200
9,SAN,Santander,2021-07-08,3.1,3.1065,3.025,3.0575,2.775651,59218259
9,SAN,Santander,2021-07-09,3.085,3.139,3.04,3.1295,2.841014,35674970
9,SAN,Santander,2021-07-12,3.141,3.146,3.056,3.139,2.849638,39486051
9,SAN,Santander,2021-07-13,3.146,3.158,3.07,3.0835,2.799254,32469039
9,SAN,Santander,2021-07-14,3.093,3.1495,3.0835,3.104,2.817865,21790807
9,SAN,Santander,2021-07-15,3.09,3.1325,3.08,3.121,2.833297,26584512
9,SAN,Santander,2021-07-16,3.145,3.155,3.008,3.038,2.757948,33908748
9,SAN,Santander,2021-07-19,3.0,3.0095,2.9125,2.9345,2.66399,48580636
9,SAN,Santander,2021-07-20,2.932,2.97,2.882,2.9545,2.682146,44016298
9,SAN,Santander,2021-07-21,2.9645,3.074,2.942,3.07,2.786999,40313890
9,SAN,Santander,2021-07-22,3.08,3.143,3.069,3.0785,2.794715,35833280
9,SAN,Santander,2021-07-23,3.092,3.169,3.084,3.126,2.837837,27745139
9,SAN,Santander,2021-07-26,3.094,3.2135,3.058,3.189,2.895029,30791148
9,SAN,Santander,2021-07-27,3.157,3.1785,3.109,3.1555,2.864617,31081672
9,SAN,Santander,2021-07-28,3.15,3.1625,3.048,3.0595,2.777467,72353057
9,SAN,Santander,2021-07-29,3.105,3.183,3.0925,3.138,2.84873,33871006
9,SAN,Santander,2021-07-30,3.147,3.148,3.08,3.0875,2.802886,39572225
9,SAN,Santander,2021-08-02,3.1095,3.172,3.0555,3.066,2.783367,28858570
9,SAN,Santander,2021-08-03,3.078,3.1435,3.061,3.103,2.816957,25873868
9,SAN,Santander,2021-08-04,3.118,3.1415,3.0765,3.1355,2.846461,23296925
9,SAN,Santander,2021-08-05,3.1215,3.151,3.09,3.15,2.859624,23854514
9,SAN,Santander,2021-08-06,3.1255,3.228,3.098,3.2265,2.929072,37007401
9,SAN,Santander,2021-08-09,3.2255,3.2435,3.19,3.235,2.936789,20362973
9,SAN,Santander,2021-08-10,3.222,3.2605,3.2005,3.2605,2.959938,24181283
9,SAN,Santander,2021-08-11,3.27,3.299,3.2435,3.2955,2.991712,27870679
9,SAN,Santander,2021-08-12,3.29,3.2945,3.256,3.2755,2.973555,21972243
9,SAN,Santander,2021-08-13,3.283,3.31,3.256,3.2635,2.962662,45371153
9,SAN,Santander,2021-08-16,3.223,3.2535,3.196,3.201,2.905923,37128242
9,SAN,Santander,2021-08-17,3.1845,3.1985,3.135,3.1425,2.852815,39004497
9,SAN,Santander,2021-08-18,3.135,3.16,3.1055,3.1565,2.865525,23728966
9,SAN,Santander,2021-08-19,3.095,3.122,3.0535,3.0725,2.789268,37615284
9,SAN,Santander,2021-08-20,3.0615,3.093,3.023,3.076,2.792446,27420208
9,SAN,Santander,2021-08-23,3.095,3.1235,3.086,3.1215,2.833751,21758740
9,SAN,Santander,2021-08-24,3.1495,3.1505,3.08,3.114,2.826943,19307139
9,SAN,Santander,2021-08-25,3.1235,3.2,3.1125,3.2,2.905015,29594154
9,SAN,Santander,2021-08-26,3.188,3.2065,3.1545,3.156,2.865071,23705737
9,SAN,Santander,2021-08-27,3.146,3.1735,3.1155,3.166,2.874149,14737735
9,SAN,Santander,2021-08-30,3.1625,3.1665,3.1135,3.123,2.835113,11048988
9,SAN,Santander,2021-08-31,3.125,3.166,3.0935,3.1275,2.839198,41514576
9,SAN,Santander,2021-09-01,3.152,3.207,3.1495,3.1795,2.886405,31643931
9,SAN,Santander,2021-09-02,3.1625,3.174,3.115,3.1395,2.850092,37905812
9,SAN,Santander,2021-09-03,3.1315,3.135,3.0715,3.076,2.792446,39706133
9,SAN,Santander,2021-09-06,3.097,3.1255,3.084,3.11,2.823311,13403094
9,SAN,Santander,2021-09-07,3.12,3.1395,3.105,3.1355,2.846461,22609971
9,SAN,Santander,2021-09-08,3.105,3.1195,3.0265,3.063,2.780644,38951490
9,SAN,Santander,2021-09-09,3.062,3.081,3.022,3.062,2.779736,58238191
9,SAN,Santander,2021-09-10,3.0735,3.114,3.023,3.043,2.762488,28933447
9,SAN,Santander,2021-09-13,3.07,3.114,3.0485,3.114,2.826943,27723071
9,SAN,Santander,2021-09-14,3.114,3.148,3.076,3.091,2.806063,31401860
9,SAN,Santander,2021-09-15,3.0795,3.118,3.0675,3.089,2.804247,33710776
9,SAN,Santander,2021-09-16,3.1195,3.146,3.0985,3.104,2.817865,70451911
9,SAN,Santander,2021-09-17,3.1445,3.163,3.04,3.04,2.759764,157708323
9,SAN,Santander,2021-09-20,2.984,3.005,2.881,2.894,2.627223,73908097
9,SAN,Santander,2021-09-21,2.9345,2.959,2.887,2.8995,2.632216,47729905
9,SAN,Santander,2021-09-22,2.952,2.9975,2.9155,2.9935,2.717551,42950370
9,SAN,Santander,2021-09-23,3.024,3.095,3.011,3.083,2.7988,35337267
9,SAN,Santander,2021-09-24,3.07,3.116,3.0465,3.099,2.813325,28567747
9,SAN,Santander,2021-09-27,3.1275,3.2025,3.1005,3.2025,2.907285,55495936
9,SAN,Santander,2021-09-28,3.217,3.239,3.08,3.08,2.796077,50765564
9,SAN,Santander,2021-09-29,3.127,3.163,3.099,3.1565,2.865525,50825844
9,SAN,Santander,2021-09-30,3.1885,3.194,3.121,3.1365,2.847369,48260443
9,SAN,Santander,2021-10-01,3.08,3.141,3.0415,3.1235,2.835567,36997120
9,SAN,Santander,2021-10-04,3.124,3.178,3.093,3.125,2.836929,26637988
9,SAN,Santander,2021-10-05,3.1355,3.258,3.1325,3.258,2.957668,54514574
9,SAN,Santander,2021-10-06,3.238,3.2635,3.172,3.239,2.94042,49277440
9,SAN,Santander,2021-10-07,3.2755,3.351,3.256,3.3315,3.024393,58633424
9,SAN,Santander,2021-10-08,3.3245,3.375,3.3245,3.35,3.041188,42394902
9,SAN,Santander,2021-10-11,3.3375,3.375,3.33,3.349,3.04028,28272785
9,SAN,Santander,2021-10-12,3.295,3.393,3.28,3.3835,3.071599,38760655
9,SAN,Santander,2021-10-13,3.361,3.3785,3.2605,3.276,2.97401,39017776
9,SAN,Santander,2021-10-14,3.31,3.358,3.281,3.281,2.978548,59289484
9,SAN,Santander,2021-10-15,3.31,3.385,3.308,3.3455,3.037103,46496859
9,SAN,Santander,2021-10-18,3.345,3.375,3.3195,3.33,3.023031,87094668
9,SAN,Santander,2021-10-19,3.325,3.38,3.3155,3.3615,3.051627,51801979
9,SAN,Santander,2021-10-20,3.36,3.376,3.322,3.36,3.050265,367211467
9,SAN,Santander,2021-10-21,3.332,3.35,3.297,3.3135,3.008052,97932088
9,SAN,Santander,2021-10-22,3.313,3.342,3.282,3.282,2.979456,91151051
9,SAN,Santander,2021-10-25,3.3,3.3505,3.2915,3.3185,3.012591,91772003
9,SAN,Santander,2021-10-26,3.32,3.3745,3.3105,3.3565,3.047088,39605696
9,SAN,Santander,2021-10-27,3.35,3.3505,3.2245,3.261,2.960392,66844180
9,SAN,Santander,2021-10-28,3.254,3.3,3.198,3.2805,2.978094,63954609
9,SAN,Santander,2021-10-29,3.2525,3.2765,3.1875,3.2765,3.019098,48524622
9,SAN,Santander,2021-11-01,3.28,3.3535,3.2755,3.3435,3.080835,77143204
9,SAN,Santander,2021-11-02,3.325,3.335,3.2725,3.2945,3.035685,51116107
9,SAN,Santander,2021-11-03,3.275,3.31,3.236,3.31,3.049967,306973344
9,SAN,Santander,2021-11-04,3.32,3.327,3.216,3.2375,2.983162,144545366
9,SAN,Santander,2021-11-05,3.227,3.319,3.215,3.284,3.026009,84768632
9,SAN,Santander,2021-11-08,3.278,3.3,3.238,3.238,2.983623,69064829
9,SAN,Santander,2021-11-09,3.227,3.2505,3.191,3.1915,2.940776,39597056
9,SAN,Santander,2021-11-10,3.202,3.2545,3.2,3.212,2.959665,43932908
9,SAN,Santander,2021-11-11,3.2305,3.262,3.2075,3.22,2.967037,80930621
9,SAN,Santander,2021-11-12,3.1965,3.202,3.1635,3.1855,2.935247,47087063
9,SAN,Santander,2021-11-15,3.164,3.232,3.135,3.2115,2.959204,52756586
9,SAN,Santander,2021-11-16,3.2115,3.235,3.1895,3.209,2.956901,31712454
9,SAN,Santander,2021-11-17,3.227,3.228,3.195,3.2,2.948608,66165463
9,SAN,Santander,2021-11-18,3.19,3.2165,3.135,3.138,2.891479,56385155
9,SAN,Santander,2021-11-19,3.161,3.1815,3.0125,3.0585,2.818224,98874196
9,SAN,Santander,2021-11-22,3.0725,3.1175,3.0465,3.102,2.858307,49506090
9,SAN,Santander,2021-11-23,3.08,3.1145,3.032,3.0635,2.822831,54538948
9,SAN,Santander,2021-11-24,3.054,3.1185,3.0285,3.032,2.793806,74434126
9,SAN,Santander,2021-11-25,3.0535,3.0715,3.024,3.0555,2.81546,40078530
9,SAN,Santander,2021-11-26,2.9195,2.92,2.783,2.783,2.564368,116318082
9,SAN,Santander,2021-11-29,2.851,2.856,2.7755,2.7835,2.564828,64550241
9,SAN,Santander,2021-11-30,2.749,2.8015,2.7175,2.75,2.53396,81504137
9,SAN,Santander,2021-12-01,2.77,2.834,2.7615,2.822,2.600304,61674512
9,SAN,Santander,2021-12-02,2.772,2.8155,2.76,2.7925,2.573122,42534424
9,SAN,Santander,2021-12-03,2.832,2.836,2.7525,2.7635,2.5464,36391361
9,SAN,Santander,2021-12-06,2.788,2.8135,2.7635,2.8135,2.592472,28485681
9,SAN,Santander,2021-12-07,2.847,2.8475,2.804,2.8185,2.597079,37479475
9,SAN,Santander,2021-12-08,2.79,2.808,2.7335,2.7485,2.532578,65621118
9,SAN,Santander,2021-12-09,2.773,2.773,2.7025,2.7175,2.504014,46960363
9,SAN,Santander,2021-12-10,2.7,2.728,2.683,2.701,2.488809,49053989
9,SAN,Santander,2021-12-13,2.704,2.7245,2.653,2.6585,2.449648,37463210
9,SAN,Santander,2021-12-14,2.6845,2.712,2.66,2.6865,2.475449,45117356
9,SAN,Santander,2021-12-15,2.69,2.699,2.6565,2.6565,2.447806,35497392
9,SAN,Santander,2021-12-16,2.693,2.791,2.6785,2.7665,2.549164,54282745
9,SAN,Santander,2021-12-17,2.7505,2.795,2.7325,2.775,2.556996,140653631
9,SAN,Santander,2021-12-20,2.7,2.7855,2.6915,2.7545,2.538107,49199732
9,SAN,Santander,2021-12-21,2.793,2.822,2.7585,2.811,2.590168,43046156
9,SAN,Santander,2021-12-22,2.79,2.8285,2.783,2.8155,2.594314,26941045
9,SAN,Santander,2021-12-23,2.83,2.919,2.8235,2.9015,2.673558,78205192
9,SAN,Santander,2021-12-27,2.8735,2.93,2.873,2.9235,2.69383,19766723
9,SAN,Santander,2021-12-28,2.921,2.937,2.9075,2.931,2.700741,21574675
9,SAN,Santander,2021-12-29,2.9115,2.937,2.904,2.9225,2.692909,26920159
9,SAN,Santander,2021-12-30,2.92,2.951,2.9155,2.9405,2.709494,36172951
9,SAN,Santander,2022-01-03,2.95,2.9835,2.927,2.9505,2.718709,36169966
9,SAN,Santander,2022-01-04,2.98,3.0495,2.9645,3.0325,2.794267,48211570
9,SAN,Santander,2022-01-05,3.031,3.0555,3.019,3.0375,2.798874,31479598
9,SAN,Santander,2022-01-06,2.982,3.0875,2.9735,3.0855,2.843103,52085737
9,SAN,Santander,2022-01-07,3.094,3.1195,3.0665,3.1125,2.867982,39489823
9,SAN,Santander,2022-01-10,3.131,3.1575,3.092,3.1155,2.870746,38266690
9,SAN,Santander,2022-01-11,3.1155,3.14,3.0875,3.119,2.873971,58655800
9,SAN,Santander,2022-01-12,3.14,3.149,3.092,3.1135,2.868904,46921902
9,SAN,Santander,2022-01-13,3.109,3.138,3.099,3.127,2.881343,49932634
9,SAN,Santander,2022-01-14,3.1205,3.167,3.1095,3.1665,2.91774,47831960
9,SAN,Santander,2022-01-17,3.1895,3.193,3.152,3.1565,2.908525,49078194
9,SAN,Santander,2022-01-18,3.146,3.1795,3.1285,3.14,2.893322,35477063
9,SAN,Santander,2022-01-19,3.117,3.157,3.1165,3.1345,2.888254,55151846
9,SAN,Santander,2022-01-20,3.1,3.142,3.0895,3.1305,2.884568,48141690
9,SAN,Santander,2022-01-21,3.067,3.098,3.042,3.0825,2.840339,56789318
9,SAN,Santander,2022-01-24,3.0655,3.076,2.914,2.943,2.711798,86663963
9,SAN,Santander,2022-01-25,2.973,3.025,2.9405,3.0235,2.785974,47727224
9,SAN,Santander,2022-01-26,3.058,3.1605,3.054,3.1355,2.889175,86334515
9,SAN,Santander,2022-01-27,3.1,3.2335,3.0955,3.2015,2.949991,56432805
9,SAN,Santander,2022-01-28,3.2,3.2015,3.124,3.1465,2.899311,38057084
9,SAN,Santander,2022-01-31,3.1845,3.185,3.072,3.0945,2.851397,46503865
9,SAN,Santander,2022-02-01,3.104,3.1765,3.0985,3.165,2.916358,41570135
9,SAN,Santander,2022-02-02,3.19,3.2195,3.1045,3.1755,2.926033,81185720
9,SAN,Santander,2022-02-03,3.206,3.3245,3.1785,3.299,3.039831,67128551
9,SAN,Santander,2022-02-04,3.32,3.3365,3.209,3.254,2.998366,75215108
9,SAN,Santander,2022-02-07,3.2975,3.313,3.2245,3.294,3.035223,51392887
9,SAN,Santander,2022-02-08,3.308,3.3775,3.3045,3.371,3.106175,67548378
9,SAN,Santander,2022-02-09,3.385,3.443,3.3465,3.433,3.163304,65413243
9,SAN,Santander,2022-02-10,3.42,3.482,3.4155,3.4815,3.207994,72521302
9,SAN,Santander,2022-02-11,3.4365,3.4815,3.4265,3.4815,3.207994,47118723
9,SAN,Santander,2022-02-14,3.344,3.3835,3.305,3.3465,3.083599,67277892
9,SAN,Santander,2022-02-15,3.312,3.423,3.309,3.423,3.154089,81077793
9,SAN,Santander,2022-02-16,3.434,3.4615,3.345,3.379,3.113546,44647924
9,SAN,Santander,2022-02-17,3.3675,3.381,3.308,3.34,3.07761,33938835
9,SAN,Santander,2022-02-18,3.335,3.358,3.3045,3.322,3.061024,33107714
9,SAN,Santander,2022-02-21,3.3425,3.379,3.254,3.2855,3.027391,36260810
9,SAN,Santander,2022-02-22,3.1905,3.329,3.172,3.2815,3.023706,58761175
9,SAN,Santander,2022-02-23,3.306,3.341,3.2215,3.2375,2.983162,37468108
9,SAN,Santander,2022-02-24,3.096,3.1195,2.9375,2.9885,2.753724,162415899
9,SAN,Santander,2022-02-25,3.0105,3.1295,2.935,3.1185,2.873511,105449466
9,SAN,Santander,2022-02-28,2.9815,3.0095,2.924,2.9845,2.750038,146201726
9,SAN,Santander,2022-03-01,2.9695,3.0175,2.8295,2.8295,2.607215,94830378
9,SAN,Santander,2022-03-02,2.81,2.961,2.767,2.927,2.697055,87648167
9,SAN,Santander,2022-03-03,2.937,2.962,2.854,2.87,2.644533,65655401
9,SAN,Santander,2022-03-04,2.8465,2.8545,2.7125,2.7185,2.504935,119350854
9,SAN,Santander,2022-03-07,2.615,2.6905,2.49,2.631,2.424309,112744771
9,SAN,Santander,2022-03-08,2.6,2.7945,2.585,2.697,2.485124,90014731
9,SAN,Santander,2022-03-09,2.836,2.8925,2.776,2.8925,2.665265,83238377
9,SAN,Santander,2022-03-10,2.892,2.922,2.8135,2.853,2.628869,64306849
9,SAN,Santander,2022-03-11,2.871,3.009,2.82,2.864,2.639004,73160623
9,SAN,Santander,2022-03-14,2.903,2.97,2.888,2.955,2.722856,58738449
9,SAN,Santander,2022-03-15,2.913,3.011,2.8975,2.983,2.748656,67756799
9,SAN,Santander,2022-03-16,3.05,3.1895,3.0335,3.157,2.908986,109444234
9,SAN,Santander,2022-03-17,3.165,3.1885,3.091,3.1405,2.893783,122145852
9,SAN,Santander,2022-03-18,3.14,3.1495,3.085,3.12,2.874893,110995798
9,SAN,Santander,2022-03-21,3.15,3.1895,3.1,3.129,2.883186,45214548
9,SAN,Santander,2022-03-22,3.147,3.205,3.1405,3.181,2.931101,51073601
9,SAN,Santander,2022-03-23,3.1885,3.1965,3.115,3.1305,2.884568,46068720
9,SAN,Santander,2022-03-24,3.1285,3.1345,3.053,3.064,2.823292,52418686
9,SAN,Santander,2022-03-25,3.075,3.087,3.03,3.057,2.816842,39246608
9,SAN,Santander,2022-03-28,3.0745,3.1535,3.074,3.08,2.838035,40083640
9,SAN,Santander,2022-03-29,3.138,3.263,3.114,3.2485,2.993298,71880085
9,SAN,Santander,2022-03-30,3.216,3.218,3.129,3.1425,2.895625,48408904
9,SAN,Santander,2022-03-31,3.178,3.1995,3.0975,3.1,2.856464,92897180
9,SAN,Santander,2022-04-01,3.1655,3.2,3.136,3.181,2.931101,45392618
9,SAN,Santander,2022-04-04,3.193,3.2055,3.148,3.19,2.939394,43772405
9,SAN,Santander,2022-04-05,3.169,3.1905,3.132,3.14,2.893322,58770095
9,SAN,Santander,2022-04-06,3.151,3.1745,3.01,3.038,2.799335,69135494
9,SAN,Santander,2022-04-07,3.053,3.1225,3.032,3.0395,2.800717,53317990
9,SAN,Santander,2022-04-08,3.077,3.147,3.077,3.118,2.87305,41792212
9,SAN,Santander,2022-04-11,3.1255,3.1745,3.125,3.158,2.909908,63730002
9,SAN,Santander,2022-04-12,3.099,3.1675,3.08,3.133,2.886872,44879544
9,SAN,Santander,2022-04-13,3.1365,3.1535,3.115,3.1235,2.878118,63543098
9,SAN,Santander,2022-04-14,3.142,3.185,3.129,3.1525,2.90484,269557591
9,SAN,Santander,2022-04-19,3.1665,3.182,3.134,3.162,2.913593,111058025
9,SAN,Santander,2022-04-20,3.1905,3.2515,3.1815,3.212,2.959665,142410919
9,SAN,Santander,2022-04-21,3.2225,3.232,3.196,3.23,2.976251,132633350
9,SAN,Santander,2022-04-22,3.187,3.24,3.166,3.166,2.917279,38807351
9,SAN,Santander,2022-04-25,3.12,3.1525,3.054,3.054,2.814078,84642667
9,SAN,Santander,2022-04-26,3.148,3.164,2.832,2.8465,2.622879,177671238
9,SAN,Santander,2022-04-27,2.9,2.9,2.8,2.816,2.594775,101793224
9,SAN,Santander,2022-04-28,2.839,2.849,2.719,2.752,2.583043,76454237
9,SAN,Santander,2022-04-29,2.79,2.8265,2.761,2.8165,2.643583,85003314
9,SAN,Santander,2022-05-02,2.788,2.817,2.734,2.74,2.571779,65703776
9,SAN,Santander,2022-05-03,2.79,2.829,2.766,2.8225,2.649214,108946336
9,SAN,Santander,2022-05-04,2.838,2.839,2.7705,2.772,2.601815,142949453
9,SAN,Santander,2022-05-05,2.843,2.8435,2.68,2.6895,2.52438,89154121
9,SAN,Santander,2022-05-06,2.7245,2.7245,2.6415,2.6505,2.487774,59414209
9,SAN,Santander,2022-05-09,2.641,2.6735,2.6,2.6,2.440375,59987141
9,SAN,Santander,2022-05-10,2.6515,2.7045,2.633,2.6335,2.471818,69936900
9,SAN,Santander,2022-05-11,2.649,2.7035,2.611,2.693,2.527665,41457984
9,SAN,Santander,2022-05-12,2.631,2.6665,2.6055,2.6535,2.49059,41682916
9,SAN,Santander,2022-05-13,2.6885,2.733,2.6755,2.728,2.560516,57668404
9,SAN,Santander,2022-05-16,2.71,2.7465,2.6855,2.6995,2.533766,29367461
9,SAN,Santander,2022-05-17,2.75,2.791,2.7235,2.778,2.607446,39053777
9,SAN,Santander,2022-05-18,2.78,2.7985,2.7365,2.74,2.571779,26991094
9,SAN,Santander,2022-05-19,2.722,2.7405,2.678,2.7405,2.572249,38982446
9,SAN,Santander,2022-05-20,2.7795,2.7905,2.732,2.744,2.575534,40067111
9,SAN,Santander,2022-05-23,2.792,2.85,2.7685,2.85,2.675026,39476857
9,SAN,Santander,2022-05-24,2.813,2.9135,2.813,2.8935,2.715856,37739786
9,SAN,Santander,2022-05-25,2.939,2.97,2.9,2.953,2.771703,68356040
9,SAN,Santander,2022-05-26,2.9655,3.02,2.96,3.02,2.834589,58959087
9,SAN,Santander,2022-05-27,3.0,3.048,2.985,3.04,2.853361,56357505
9,SAN,Santander,2022-05-30,3.0515,3.078,3.042,3.078,2.889028,30528820
9,SAN,Santander,2022-05-31,3.05,3.073,3.006,3.0145,2.829427,62290966
9,SAN,Santander,2022-06-01,3.0355,3.0585,2.9805,2.985,2.801738,37862150
9,SAN,Santander,2022-06-02,2.9995,3.005,2.9615,2.9795,2.796576,20146792
9,SAN,Santander,2022-06-03,3.011,3.011,2.9525,2.9635,2.781558,17648506
9,SAN,Santander,2022-06-06,2.9955,3.051,2.9855,3.038,2.851484,24115794
9,SAN,Santander,2022-06-07,3.0195,3.042,2.9985,2.9985,2.814409,26666950
9,SAN,Santander,2022-06-08,3.0,3.0075,2.97,2.985,2.801738,27779991
9,SAN,Santander,2022-06-09,2.962,2.976,2.906,2.906,2.727588,38121106
9,SAN,Santander,2022-06-10,2.9,2.905,2.697,2.7,2.534235,85167027
9,SAN,Santander,2022-06-13,2.6795,2.6795,2.585,2.6105,2.45023,78279157
9,SAN,Santander,2022-06-14,2.66,2.674,2.61,2.623,2.461962,38656086
9,SAN,Santander,2022-06-15,2.7225,2.7255,2.657,2.6905,2.525319,94855191
9,SAN,Santander,2022-06-16,2.681,2.69,2.621,2.6355,2.473695,34505281
9,SAN,Santander,2022-06-17,2.6685,2.755,2.6305,2.696,2.530481,109676618
9,SAN,Santander,2022-06-20,2.6985,2.8185,2.681,2.794,2.622464,32341832
9,SAN,Santander,2022-06-21,2.807,2.849,2.7855,2.7975,2.625749,30353920
9,SAN,Santander,2022-06-22,2.752,2.825,2.7315,2.805,2.632789,47764950
9,SAN,Santander,2022-06-23,2.7875,2.8145,2.7035,2.716,2.549253,57389738
9,SAN,Santander,2022-06-24,2.724,2.7885,2.683,2.76,2.590552,87156498
9,SAN,Santander,2022-06-27,2.765,2.802,2.7375,2.7705,2.600407,24442443
9,SAN,Santander,2022-06-28,2.79,2.8205,2.767,2.7775,2.606977,25126150
9,SAN,Santander,2022-06-29,2.741,2.77,2.724,2.736,2.568025,27326204
9,SAN,Santander,2022-06-30,2.7,2.708,2.636,2.688,2.522972,43646497
9,SAN,Santander,2022-07-01,2.664,2.7275,2.6435,2.684,2.519217,24551788
9,SAN,Santander,2022-07-04,2.693,2.71,2.6615,2.683,2.518279,17312270
9,SAN,Santander,2022-07-05,2.695,2.7195,2.568,2.568,2.410339,58928038
9,SAN,Santander,2022-07-06,2.6085,2.6185,2.5115,2.5255,2.370449,44422777
9,SAN,Santander,2022-07-07,2.5875,2.6345,2.555,2.6155,2.454923,42696589
9,SAN,Santander,2022-07-08,2.603,2.649,2.5715,2.613,2.452576,28474361
9,SAN,Santander,2022-07-11,2.56,2.597,2.5445,2.56,2.402831,21586311
9,SAN,Santander,2022-07-12,2.5375,2.5435,2.4,2.4665,2.315071,85978617
9,SAN,Santander,2022-07-13,2.468,2.48,2.4075,2.4465,2.296299,41456057
9,SAN,Santander,2022-07-14,2.422,2.444,2.3265,2.3375,2.193991,50660286
9,SAN,Santander,2022-07-15,2.3445,2.415,2.324,2.4055,2.257816,48322946
9,SAN,Santander,2022-07-18,2.428,2.462,2.3995,2.412,2.263917,47468140
9,SAN,Santander,2022-07-19,2.4015,2.5265,2.397,2.5125,2.358247,49368883
9,SAN,Santander,2022-07-20,2.54,2.554,2.413,2.461,2.309908,41377909
9,SAN,Santander,2022-07-21,2.436,2.519,2.409,2.4535,2.302869,55393812
9,SAN,Santander,2022-07-22,2.455,2.517,2.4255,2.433,2.283628,42244188
9,SAN,Santander,2022-07-25,2.4285,2.473,2.417,2.4555,2.304746,36323856
9,SAN,Santander,2022-07-26,2.43,2.4515,2.4145,2.4375,2.287851,21515917
9,SAN,Santander,2022-07-27,2.452,2.49,2.444,2.4885,2.33572,24352723
9,SAN,Santander,2022-07-28,2.4895,2.492,2.3845,2.429,2.279873,64521541
9,SAN,Santander,2022-07-29,2.427,2.448,2.371,2.44,2.290198,64229050
9,SAN,Santander,2022-08-01,2.436,2.4805,2.3815,2.393,2.246083,39369962
9,SAN,Santander,2022-08-02,2.39,2.4035,2.3555,2.3845,2.238105,36825148
9,SAN,Santander,2022-08-03,2.398,2.4365,2.356,2.4335,2.284097,32887455
9,SAN,Santander,2022-08-04,2.4335,2.491,2.431,2.4595,2.308501,50561133
9,SAN,Santander,2022-08-05,2.4515,2.525,2.451,2.501,2.347453,32250350
9,SAN,Santander,2022-08-08,2.527,2.5605,2.4925,2.554,2.397199,40911717
9,SAN,Santander,2022-08-09,2.5235,2.578,2.5235,2.556,2.399076,58330655
9,SAN,Santander,2022-08-10,2.55,2.6145,2.5495,2.6145,2.453984,36878850
9,SAN,Santander,2022-08-11,2.626,2.655,2.61,2.6365,2.474634,39282049
9,SAN,Santander,2022-08-12,2.6345,2.679,2.625,2.6665,2.502792,35603593
9,SAN,Santander,2022-08-15,2.6725,2.675,2.615,2.6385,2.476511,20988608
9,SAN,Santander,2022-08-16,2.652,2.681,2.6375,2.6595,2.496222,21178574
9,SAN,Santander,2022-08-17,2.68,2.686,2.6135,2.6215,2.460555,19710912
9,SAN,Santander,2022-08-18,2.616,2.648,2.6065,2.6205,2.459616,17038903
9,SAN,Santander,2022-08-19,2.599,2.605,2.522,2.532,2.37655,36700207
9,SAN,Santander,2022-08-22,2.5215,2.5215,2.4625,2.497,2.343698,28339295
9,SAN,Santander,2022-08-23,2.4915,2.5235,2.4705,2.497,2.343698,21175740
9,SAN,Santander,2022-08-24,2.4815,2.4955,2.455,2.4735,2.321641,17904159
9,SAN,Santander,2022-08-25,2.4945,2.499,2.4335,2.4455,2.29536,25271788
9,SAN,Santander,2022-08-26,2.469,2.483,2.396,2.4075,2.259693,25583772
9,SAN,Santander,2022-08-29,2.38,2.41,2.3675,2.4065,2.258754,21780690
9,SAN,Santander,2022-08-30,2.422,2.504,2.419,2.4475,2.297237,33117367
9,SAN,Santander,2022-08-31,2.4585,2.4615,2.4055,2.417,2.26861,69056281
9,SAN,Santander,2022-09-01,2.4015,2.4115,2.3545,2.3805,2.234351,27531649
9,SAN,Santander,2022-09-02,2.386,2.4435,2.371,2.4285,2.279404,26910205
9,SAN,Santander,2022-09-05,2.364,2.395,2.3465,2.395,2.24796,27790994
9,SAN,Santander,2022-09-06,2.3905,2.4295,2.376,2.41,2.26204,20758136
9,SAN,Santander,2022-09-07,2.387,2.41,2.332,2.3845,2.238105,28705022
9,SAN,Santander,2022-09-08,2.4095,2.477,2.373,2.4505,2.300053,41792139
9,SAN,Santander,2022-09-09,2.468,2.5635,2.465,2.535,2.379365,42482339
9,SAN,Santander,2022-09-12,2.559,2.6585,2.5545,2.638,2.476042,56080762
9,SAN,Santander,2022-09-13,2.6485,2.654,2.543,2.575,2.41691,41474296
9,SAN,Santander,2022-09-14,2.5645,2.616,2.552,2.5855,2.426765,30617740
9,SAN,Santander,2022-09-15,2.5975,2.686,2.597,2.6765,2.512178,70158349
9,SAN,Santander,2022-09-16,2.622,2.654,2.608,2.6505,2.487774,93078956
9,SAN,Santander,2022-09-19,2.6425,2.669,2.625,2.64,2.477919,26927401
9,SAN,Santander,2022-09-20,2.6575,2.6805,2.6235,2.637,2.475103,34693636
9,SAN,Santander,2022-09-21,2.582,2.6285,2.558,2.5815,2.423011,33684431
9,SAN,Santander,2022-09-22,2.542,2.6495,2.522,2.6025,2.442721,32760071
9,SAN,Santander,2022-09-23,2.6,2.6,2.4885,2.5245,2.36951,51516217
9,SAN,Santander,2022-09-26,2.501,2.5255,2.4665,2.4965,2.343229,55292452
9,SAN,Santander,2022-09-27,2.544,2.5465,2.428,2.431,2.28175,37547512
9,SAN,Santander,2022-09-28,2.41,2.443,2.363,2.438,2.288321,46204520
9,SAN,Santander,2022-09-29,2.4225,2.4335,2.3535,2.3815,2.235289,40852084
9,SAN,Santander,2022-09-30,2.4055,2.423,2.38,2.3975,2.250307,33178117
9,SAN,Santander,2022-10-03,2.3665,2.475,2.3565,2.4645,2.313193,35129533
9,SAN,Santander,2022-10-04,2.504,2.651,2.495,2.6365,2.474634,59293931
9,SAN,Santander,2022-10-05,2.6195,2.6385,2.5555,2.5755,2.417379,36283329
9,SAN,Santander,2022-10-06,2.58,2.5965,2.537,2.55,2.393445,18776672
9,SAN,Santander,2022-10-07,2.5325,2.568,2.502,2.5265,2.371387,29035511
9,SAN,Santander,2022-10-10,2.5115,2.549,2.4915,2.4985,2.345106,61866253
9,SAN,Santander,2022-10-11,2.4795,2.486,2.4355,2.458,2.307092,29062159
9,SAN,Santander,2022-10-12,2.449,2.4525,2.395,2.4165,2.268141,31869167
9,SAN,Santander,2022-10-13,2.409,2.513,2.395,2.497,2.343698,40841579
9,SAN,Santander,2022-10-14,2.55,2.576,2.5125,2.5305,2.375142,37848403
9,SAN,Santander,2022-10-17,2.5305,2.603,2.525,2.5665,2.408931,81949085
9,SAN,Santander,2022-10-18,2.5895,2.672,2.587,2.621,2.460086,41299068
9,SAN,Santander,2022-10-19,2.6365,2.65,2.583,2.6345,2.472757,304539953
9,SAN,Santander,2022-10-20,2.63,2.6785,2.607,2.6685,2.504669,95025581
9,SAN,Santander,2022-10-21,2.639,2.6585,2.59,2.658,2.494814,62662340
9,SAN,Santander,2022-10-24,2.68,2.748,2.669,2.724,2.556762,41526510
9,SAN,Santander,2022-10-25,2.745,2.777,2.688,2.7385,2.570372,37626687
9,SAN,Santander,2022-10-26,2.756,2.76,2.602,2.649,2.486366,73727364
9,SAN,Santander,2022-10-27,2.6275,2.6435,2.6015,2.625,2.46384,51125877
9,SAN,Santander,2022-10-28,2.62,2.658,2.602,2.658,2.494814,37650988
9,SAN,Santander,2022-10-31,2.6305,2.657,2.596,2.622,2.516214,33913704
9,SAN,Santander,2022-11-01,2.637,2.6775,2.6315,2.6435,2.536847,27135256
9,SAN,Santander,2022-11-02,2.662,2.6705,2.6075,2.6215,2.515734,97700763
9,SAN,Santander,2022-11-03,2.6125,2.621,2.561,2.59,2.485505,131652455
9,SAN,Santander,2022-11-04,2.6065,2.6905,2.599,2.669,2.561318,49666358
9,SAN,Santander,2022-11-07,2.65,2.685,2.633,2.6605,2.553161,66072962
9,SAN,Santander,2022-11-08,2.656,2.667,2.6365,2.645,2.538286,67715213
9,SAN,Santander,2022-11-09,2.63,2.6695,2.597,2.6125,2.507097,35921661
9,SAN,Santander,2022-11-10,2.608,2.608,2.521,2.5535,2.450478,75568429
9,SAN,Santander,2022-11-11,2.542,2.5615,2.5015,2.5275,2.425527,62747257
9,SAN,Santander,2022-11-14,2.54,2.5835,2.528,2.572,2.468231,32572939
9,SAN,Santander,2022-11-15,2.584,2.6125,2.5655,2.6085,2.503259,31772274
9,SAN,Santander,2022-11-16,2.604,2.615,2.5755,2.5755,2.47159,31479890
9,SAN,Santander,2022-11-17,2.581,2.5895,2.503,2.5295,2.427446,80841447
9,SAN,Santander,2022-11-18,2.554,2.606,2.54,2.606,2.50086,50074962
9,SAN,Santander,2022-11-21,2.59,2.6955,2.587,2.6885,2.580031,57469532
9,SAN,Santander,2022-11-22,2.69,2.7885,2.682,2.777,2.66496,83983954
9,SAN,Santander,2022-11-23,2.781,2.788,2.7365,2.774,2.662082,61680917
9,SAN,Santander,2022-11-24,2.77,2.812,2.7675,2.7855,2.673118,38492975
9,SAN,Santander,2022-11-25,2.7965,2.8375,2.781,2.8335,2.719181,45808492
9,SAN,Santander,2022-11-28,2.811,2.8465,2.7975,2.8025,2.689432,36573225
9,SAN,Santander,2022-11-29,2.81,2.852,2.7825,2.8355,2.7211,39139043
9,SAN,Santander,2022-11-30,2.8405,2.859,2.803,2.8505,2.735495,74107102
9,SAN,Santander,2022-12-01,2.863,2.88,2.8165,2.8165,2.702867,68639505
9,SAN,Santander,2022-12-02,2.809,2.823,2.776,2.8125,2.699028,37906868
9,SAN,Santander,2022-12-05,2.794,2.8315,2.79,2.8095,2.696149,26036863
9,SAN,Santander,2022-12-06,2.795,2.84,2.757,2.8115,2.698069,36188860
9,SAN,Santander,2022-12-07,2.8,2.832,2.7825,2.797,2.684154,35116214
9,SAN,Santander,2022-12-08,2.802,2.809,2.7725,2.7725,2.660642,26352957
9,SAN,Santander,2022-12-09,2.7865,2.795,2.7375,2.786,2.673597,33471379
9,SAN,Santander,2022-12-12,2.773,2.793,2.759,2.7735,2.661602,44535398
9,SAN,Santander,2022-12-13,2.7855,2.8385,2.764,2.7985,2.685593,51692872
9,SAN,Santander,2022-12-14,2.79,2.7935,2.746,2.765,2.653445,38047814
9,SAN,Santander,2022-12-15,2.7495,2.77,2.667,2.6965,2.587708,70233118
9,SAN,Santander,2022-12-16,2.6845,2.735,2.667,2.7235,2.613619,163091835
9,SAN,Santander,2022-12-19,2.73,2.735,2.705,2.717,2.607381,68183498
9,SAN,Santander,2022-12-20,2.699,2.827,2.687,2.8125,2.699028,53542172
9,SAN,Santander,2022-12-21,2.8255,2.8685,2.798,2.8485,2.733576,39502675
9,SAN,Santander,2022-12-22,2.836,2.863,2.807,2.8095,2.696149,47736059
9,SAN,Santander,2022-12-23,2.8175,2.8355,2.7825,2.795,2.682235,21811089
9,SAN,Santander,2022-12-27,2.81,2.836,2.802,2.815,2.701427,21064298
9,SAN,Santander,2022-12-28,2.806,2.819,2.792,2.798,2.685113,18502658
9,SAN,Santander,2022-12-29,2.781,2.8225,2.769,2.818,2.704306,25760397
9,SAN,Santander,2022-12-30,2.801,2.8165,2.774,2.8025,2.689432,40266237
9,SAN,Santander,2023-01-02,2.824,2.86,2.8145,2.8495,2.734535,20066687
9,SAN,Santander,2023-01-03,2.838,2.886,2.812,2.857,2.741733,37585314
9,SAN,Santander,2023-01-04,2.879,2.9735,2.875,2.963,2.843456,53718756
9,SAN,Santander,2023-01-05,2.938,2.981,2.9125,2.974,2.854012,36143898
9,SAN,Santander,2023-01-06,2.99,3.0465,2.9855,3.0465,2.923587,40652999
9,SAN,Santander,2023-01-09,3.0235,3.0545,2.9875,3.0195,2.897677,50497045
9,SAN,Santander,2023-01-10,3.007,3.049,3.0045,3.036,2.913511,29099908
9,SAN,Santander,2023-01-11,3.0485,3.052,3.0085,3.0145,2.892879,38460877
9,SAN,Santander,2023-01-12,3.03,3.093,3.03,3.083,2.958615,41607508
9,SAN,Santander,2023-01-13,3.095,3.1685,3.0845,3.1365,3.009956,55151924
9,SAN,Santander,2023-01-16,3.142,3.155,3.09,3.099,2.973969,26400813
9,SAN,Santander,2023-01-17,3.1,3.1265,3.079,3.1075,2.982126,57484243
9,SAN,Santander,2023-01-18,3.1065,3.1725,3.105,3.1345,3.008037,40911603
9,SAN,Santander,2023-01-19,3.101,3.1175,3.003,3.0475,2.924547,67525968
9,SAN,Santander,2023-01-20,3.084,3.102,3.055,3.097,2.97205,47051980
9,SAN,Santander,2023-01-23,3.096,3.1345,3.0875,3.0955,2.970611,30283262
9,SAN,Santander,2023-01-24,3.1,3.1135,3.0625,3.104,2.978768,30424526
9,SAN,Santander,2023-01-25,3.084,3.0985,3.0525,3.0935,2.968691,88130262
9,SAN,Santander,2023-01-26,3.11,3.194,3.1095,3.194,3.065136,61301367
9,SAN,Santander,2023-01-27,3.1955,3.21,3.1585,3.1715,3.043544,49584646
9,SAN,Santander,2023-01-30,3.168,3.208,3.1555,3.195,3.066096,30086301
9,SAN,Santander,2023-01-31,3.223,3.249,3.193,3.203,3.073774,43484203
9,SAN,Santander,2023-02-01,3.22,3.2965,3.2195,3.2485,3.117438,63833194
9,SAN,Santander,2023-02-02,3.3,3.4925,3.2795,3.4345,3.295933,143215352
9,SAN,Santander,2023-02-03,3.4235,3.537,3.402,3.4985,3.357352,100516501
9,SAN,Santander,2023-02-06,3.45,3.48,3.4295,3.4455,3.306489,36831771
9,SAN,Santander,2023-02-07,3.474,3.535,3.4635,3.52,3.377984,44052303
9,SAN,Santander,2023-02-08,3.54,3.57,3.505,3.5285,3.386141,38791135
9,SAN,Santander,2023-02-09,3.5415,3.561,3.502,3.502,3.36071,42555227
9,SAN,Santander,2023-02-10,3.5,3.519,3.425,3.4485,3.309369,41695555
9,SAN,Santander,2023-02-13,3.4505,3.4895,3.441,3.4805,3.340077,18550429
9,SAN,Santander,2023-02-14,3.496,3.518,3.466,3.5005,3.359271,25655406
9,SAN,Santander,2023-02-15,3.495,3.509,3.4545,3.471,3.330961,35425274
9,SAN,Santander,2023-02-16,3.498,3.5555,3.4945,3.554,3.410612,52748467
9,SAN,Santander,2023-02-17,3.5215,3.562,3.502,3.524,3.381822,66010318
9,SAN,Santander,2023-02-20,3.533,3.548,3.502,3.5105,3.368867,14591522
9,SAN,Santander,2023-02-21,3.505,3.545,3.446,3.523,3.380863,38530653
9,SAN,Santander,2023-02-22,3.49,3.509,3.445,3.467,3.327122,29815790
9,SAN,Santander,2023-02-23,3.4825,3.532,3.472,3.52,3.377984,39896529
9,SAN,Santander,2023-02-24,3.523,3.568,3.48,3.48,3.339598,57457126
9,SAN,Santander,2023-02-27,3.508,3.58,3.5015,3.5525,3.409173,37749636
9,SAN,Santander,2023-02-28,3.55,3.7485,3.536,3.7225,3.572314,83049731
9,SAN,Santander,2023-03-01,3.7345,3.7625,3.6815,3.69,3.541125,42073738
9,SAN,Santander,2023-03-02,3.67,3.693,3.615,3.6835,3.534888,41321539
9,SAN,Santander,2023-03-03,3.695,3.802,3.6855,3.797,3.643808,42550366
9,SAN,Santander,2023-03-06,3.8155,3.86,3.7955,3.858,3.702347,35510341
9,SAN,Santander,2023-03-07,3.8465,3.8725,3.7655,3.7655,3.613579,73167301
9,SAN,Santander,2023-03-08,3.7395,3.8545,3.71,3.819,3.664921,49783389
9,SAN,Santander,2023-03-09,3.8055,3.818,3.7685,3.7685,3.616458,29435723
9,SAN,Santander,2023-03-10,3.6,3.65,3.508,3.61,3.464353,93423864
9,SAN,Santander,2023-03-13,3.591,3.601,3.2845,3.3445,3.209564,118850021
9,SAN,Santander,2023-03-14,3.326,3.477,3.2925,3.4455,3.306489,80632141
9,SAN,Santander,2023-03-15,3.4665,3.4665,3.152,3.208,3.078572,115638529
9,SAN,Santander,2023-03-16,3.318,3.3745,3.197,3.2915,3.158703,117303206
9,SAN,Santander,2023-03-17,3.3165,3.3855,3.1045,3.1385,3.011876,210488095
9,SAN,Santander,2023-03-20,3.1025,3.262,2.942,3.2255,3.095366,118626981
9,SAN,Santander,2023-03-21,3.312,3.4085,3.2975,3.376,3.239794,67984806
9,SAN,Santander,2023-03-22,3.3955,3.5035,3.376,3.3835,3.246991,91684723
9,SAN,Santander,2023-03-23,3.346,3.39,3.31,3.3195,3.185573,39057142
9,SAN,Santander,2023-03-24,3.3,3.3125,3.1205,3.22,3.090088,93965324
9,SAN,Santander,2023-03-27,3.293,3.341,3.2515,3.29,3.157263,75137854
9,SAN,Santander,2023-03-28,3.3355,3.364,3.3005,3.3235,3.189412,47118700
9,SAN,Santander,2023-03-29,3.359,3.3945,3.338,3.381,3.244592,38510420
9,SAN,Santander,2023-03-30,3.41,3.486,3.39,3.452,3.312727,49440730
9,SAN,Santander,2023-03-31,3.458,3.479,3.421,3.426,3.287776,49990231
9,SAN,Santander,2023-04-03,3.436,3.49,3.425,3.438,3.299292,25741078
9,SAN,Santander,2023-04-04,3.4385,3.494,3.4385,3.446,3.306969,36381196
9,SAN,Santander,2023-04-05,3.452,3.47,3.3825,3.418,3.280099,28138567
9,SAN,Santander,2023-04-06,3.45,3.524,3.43,3.524,3.381822,29051709
9,SAN,Santander,2023-04-11,3.545,3.56,3.42,3.424,3.285857,56671643
9,SAN,Santander,2023-04-12,3.45,3.5105,3.427,3.4825,3.341997,33658485
9,SAN,Santander,2023-04-13,3.4795,3.4995,3.4385,3.4795,3.339118,21320477
9,SAN,Santander,2023-04-14,3.4915,3.6105,3.4745,3.6105,3.464833,40045034
9,SAN,Santander,2023-04-17,3.632,3.633,3.531,3.5395,3.396697,44554080
9,SAN,Santander,2023-04-18,3.579,3.646,3.57,3.6,3.454756,224462865
9,SAN,Santander,2023-04-19,3.6035,3.641,3.581,3.6375,3.490743,166386643
9,SAN,Santander,2023-04-20,3.669,3.7055,3.5655,3.5815,3.437002,66615063
9,SAN,Santander,2023-04-21,3.5545,3.5615,3.501,3.5445,3.401495,115212443
9,SAN,Santander,2023-04-24,3.528,3.566,3.5015,3.5415,3.398617,23195840
9,SAN,Santander,2023-04-25,3.471,3.471,3.314,3.33,3.195649,87322178
9,SAN,Santander,2023-04-26,3.282,3.319,3.2215,3.294,3.161102,57782513
9,SAN,Santander,2023-04-27,3.283,3.3005,3.244,3.283,3.208501,55516512
9,SAN,Santander,2023-04-28,3.25,3.268,3.126,3.1865,3.114191,125395501
9,SAN,Santander,2023-05-02,3.1815,3.216,3.0935,3.104,3.033563,93505892
9,SAN,Santander,2023-05-03,3.1315,3.147,3.092,3.12,3.0492,141786887
9,SAN,Santander,2023-05-04,3.1055,3.1245,3.0385,3.057,2.98763,61102930
9,SAN,Santander,2023-05-05,3.07,3.164,3.062,3.149,3.077542,67680769
9,SAN,Santander,2023-05-08,3.1635,3.2075,3.1595,3.187,3.11468,16677302
9,SAN,Santander,2023-05-09,3.1715,3.206,3.147,3.185,3.112725,23043855
9,SAN,Santander,2023-05-10,3.212,3.2345,3.135,3.1435,3.072167,27350971
9,SAN,Santander,2023-05-11,3.154,3.168,3.083,3.139,3.067769,29663864
9,SAN,Santander,2023-05-12,3.1555,3.1805,3.139,3.1425,3.071189,23564547
9,SAN,Santander,2023-05-15,3.17,3.1775,3.1195,3.148,3.076565,17650166
9,SAN,Santander,2023-05-16,3.1175,3.174,3.1175,3.1395,3.068258,17437130
9,SAN,Santander,2023-05-17,3.11,3.158,3.102,3.158,3.086338,17768701
9,SAN,Santander,2023-05-18,3.1395,3.1965,3.1355,3.1755,3.103441,24923291
9,SAN,Santander,2023-05-19,3.1985,3.24,3.173,3.2,3.127385,54179289
9,SAN,Santander,2023-05-22,3.182,3.2475,3.1785,3.2295,3.156215,20330420
9,SAN,Santander,2023-05-23,3.229,3.233,3.201,3.225,3.151817,15538892
9,SAN,Santander,2023-05-24,3.193,3.202,3.128,3.1415,3.070212,24533674
9,SAN,Santander,2023-05-25,3.132,3.1705,3.0865,3.155,3.083406,35511664
9,SAN,Santander,2023-05-26,3.1665,3.199,3.0865,3.197,3.124453,22852653
9,SAN,Santander,2023-05-29,3.235,3.237,3.123,3.1425,3.071189,13799208
9,SAN,Santander,2023-05-30,3.14,3.18,3.0955,3.1105,3.039916,28045978
9,SAN,Santander,2023-05-31,3.08,3.14,3.0405,3.045,2.975902,69180578
9,SAN,Santander,2023-06-01,3.0845,3.125,3.071,3.1145,3.043825,23998491
9,SAN,Santander,2023-06-02,3.14,3.2205,3.118,3.21,3.137158,26818508
9,SAN,Santander,2023-06-05,3.2295,3.25,3.162,3.183,3.110771,22412353
9,SAN,Santander,2023-06-06,3.1735,3.211,3.1425,3.209,3.136181,20810145
9,SAN,Santander,2023-06-07,3.225,3.245,3.1725,3.211,3.138135,17772409
9,SAN,Santander,2023-06-08,3.2355,3.27,3.2005,3.227,3.153772,22981423
9,SAN,Santander,2023-06-09,3.23,3.2365,3.168,3.2015,3.128851,17889217
9,SAN,Santander,2023-06-12,3.213,3.233,3.162,3.189,3.116634,41438495
9,SAN,Santander,2023-06-13,3.2,3.206,3.145,3.192,3.119566,26021976
9,SAN,Santander,2023-06-14,3.192,3.281,3.19,3.25,3.17625,36036915
9,SAN,Santander,2023-06-15,3.2205,3.222,3.182,3.194,3.121521,38630516
9,SAN,Santander,2023-06-16,3.21,3.255,3.183,3.2205,3.147419,112135601
9,SAN,Santander,2023-06-19,3.2,3.256,3.196,3.212,3.139112,17185761
9,SAN,Santander,2023-06-20,3.205,3.2205,3.186,3.193,3.120544,20753360
9,SAN,Santander,2023-06-21,3.1965,3.2365,3.193,3.204,3.131294,20967493
9,SAN,Santander,2023-06-22,3.17,3.17,3.104,3.156,3.084383,26456612
9,SAN,Santander,2023-06-23,3.123,3.137,3.0655,3.066,2.996425,46016334
9,SAN,Santander,2023-06-26,3.065,3.098,3.0065,3.0835,3.013528,26657465
9,SAN,Santander,2023-06-27,3.11,3.2015,3.11,3.1955,3.122987,35283059
9,SAN,Santander,2023-06-28,3.21,3.31,3.205,3.31,3.234889,55703627
9,SAN,Santander,2023-06-29,3.32,3.349,3.3015,3.3415,3.265674,34889161
9,SAN,Santander,2023-06-30,3.37,3.441,3.367,3.385,3.308187,64611012
9,SAN,Santander,2023-07-03,3.3945,3.445,3.3865,3.44,3.361939,37876288
9,SAN,Santander,2023-07-04,3.4495,3.47,3.372,3.3805,3.303789,23349851
9,SAN,Santander,2023-07-05,3.35,3.3715,3.33,3.3475,3.271538,24988934
9,SAN,Santander,2023-07-06,3.311,3.3195,3.2265,3.2445,3.170875,28791137
9,SAN,Santander,2023-07-07,3.2445,3.2835,3.2175,3.264,3.189932,21310700
9,SAN,Santander,2023-07-10,3.2505,3.307,3.2505,3.276,3.20166,16123070
9,SAN,Santander,2023-07-11,3.29,3.338,3.2615,3.3345,3.258833,17722005
9,SAN,Santander,2023-07-12,3.3425,3.4735,3.3425,3.4735,3.394678,57887645
9,SAN,Santander,2023-07-13,3.46,3.5175,3.433,3.4905,3.411293,36329276
9,SAN,Santander,2023-07-14,3.49,3.534,3.456,3.4605,3.381974,28331703
9,SAN,Santander,2023-07-17,3.4385,3.5,3.4205,3.4485,3.370246,15777798
9,SAN,Santander,2023-07-18,3.464,3.514,3.432,3.51,3.43035,17919382
9,SAN,Santander,2023-07-19,3.53,3.551,3.464,3.498,3.418622,17841799
9,SAN,Santander,2023-07-20,3.4885,3.5415,3.486,3.525,3.44501,22612682
9,SAN,Santander,2023-07-21,3.526,3.5475,3.473,3.5285,3.448431,28121501
9,SAN,Santander,2023-07-24,3.43,3.52,3.4115,3.52,3.440123,22717433
9,SAN,Santander,2023-07-25,3.53,3.547,3.51,3.538,3.457715,17151031
9,SAN,Santander,2023-07-26,3.538,3.655,3.513,3.649,3.566196,68036296
9,SAN,Santander,2023-07-27,3.655,3.719,3.615,3.708,3.623857,75696611
9,SAN,Santander,2023-07-28,3.6925,3.742,3.6525,3.6775,3.594049,42564955
9,SAN,Santander,2023-07-31,3.6865,3.708,3.675,3.6835,3.599913,24836675
9,SAN,Santander,2023-08-01,3.6785,3.698,3.588,3.599,3.51733,23019304
9,SAN,Santander,2023-08-02,3.542,3.584,3.505,3.5275,3.447453,50280184
9,SAN,Santander,2023-08-03,3.5095,3.5925,3.505,3.5855,3.504137,35372540
9,SAN,Santander,2023-08-04,3.604,3.62,3.57,3.6085,3.526615,23142480
9,SAN,Santander,2023-08-07,3.5855,3.6345,3.56,3.621,3.538831,12039266
9,SAN,Santander,2023-08-08,3.5755,3.5785,3.461,3.523,3.443055,34504136
9,SAN,Santander,2023-08-09,3.593,3.6055,3.535,3.5495,3.468954,18394579
9,SAN,Santander,2023-08-10,3.5745,3.6655,3.5685,3.6475,3.56473,30943176
9,SAN,Santander,2023-08-11,3.639,3.6465,3.5825,3.5925,3.510978,15252206
9,SAN,Santander,2023-08-14,3.6095,3.632,3.5805,3.5965,3.514887,15050762
9,SAN,Santander,2023-08-15,3.599,3.6055,3.5405,3.567,3.486057,13039047
9,SAN,Santander,2023-08-16,3.553,3.5865,3.5415,3.5565,3.475795,11267918
9,SAN,Santander,2023-08-17,3.55,3.586,3.538,3.557,3.476284,21767274
9,SAN,Santander,2023-08-18,3.533,3.559,3.509,3.5515,3.470908,17990188
9,SAN,Santander,2023-08-21,3.5515,3.612,3.5485,3.561,3.480193,15213035
9,SAN,Santander,2023-08-22,3.595,3.619,3.571,3.5765,3.495341,17274501
9,SAN,Santander,2023-08-23,3.5725,3.603,3.5255,3.534,3.453805,18015294
9,SAN,Santander,2023-08-24,3.5725,3.585,3.5235,3.536,3.45576,19636103
9,SAN,Santander,2023-08-25,3.544,3.589,3.53,3.538,3.457715,16246961
9,SAN,Santander,2023-08-28,3.569,3.5825,3.553,3.5745,3.493387,1939777
9,SAN,Santander,2023-08-29,3.642,3.65,3.606,3.6315,3.549093,24326785
9,SAN,Santander,2023-08-30,3.65,3.6825,3.625,3.6285,3.546161,17713155
9,SAN,Santander,2023-08-31,3.6315,3.646,3.5935,3.602,3.520262,55210602
9,SAN,Santander,2023-09-01,3.606,3.616,3.5195,3.5195,3.439635,29668913
9,SAN,Santander,2023-09-04,3.541,3.564,3.5015,3.515,3.435237,17339932
9,SAN,Santander,2023-09-05,3.5035,3.532,3.4695,3.503,3.423509,21313712
9,SAN,Santander,2023-09-06,3.466,3.4775,3.3875,3.407,3.329688,32754572
9,SAN,Santander,2023-09-07,3.392,3.4175,3.352,3.376,3.299391,21694476
9,SAN,Santander,2023-09-08,3.388,3.4125,3.332,3.408,3.330665,23264628
9,SAN,Santander,2023-09-11,3.4385,3.46,3.395,3.434,3.356075,18335020
9,SAN,Santander,2023-09-12,3.446,3.4575,3.4235,3.446,3.367803,49304860
9,SAN,Santander,2023-09-13,3.439,3.477,3.425,3.454,3.375621,19141872
9,SAN,Santander,2023-09-14,3.45,3.535,3.422,3.5255,3.445498,30199255
9,SAN,Santander,2023-09-15,3.55,3.5695,3.467,3.4915,3.41227,69443170
9,SAN,Santander,2023-09-18,3.48,3.503,3.4255,3.4455,3.367314,20251485
9,SAN,Santander,2023-09-19,3.4325,3.479,3.4325,3.464,3.385394,16094874
9,SAN,Santander,2023-09-20,3.49,3.542,3.463,3.523,3.443055,22134420
9,SAN,Santander,2023-09-21,3.49,3.513,3.451,3.5065,3.426929,34697506
9,SAN,Santander,2023-09-22,3.487,3.5195,3.464,3.482,3.402986,33356450
9,SAN,Santander,2023-09-25,3.46,3.5125,3.431,3.45,3.371712,26717693
9,SAN,Santander,2023-09-26,3.434,3.462,3.3965,3.4345,3.356563,28623835
9,SAN,Santander,2023-09-27,3.4425,3.515,3.435,3.4945,3.415202,22553181
9,SAN,Santander,2023-09-28,3.51,3.6525,3.5005,3.65,3.567173,53172108
9,SAN,Santander,2023-09-29,3.6315,3.662,3.6,3.6185,3.536388,42092018
9,SAN,Santander,2023-10-02,3.6205,3.66,3.5645,3.5725,3.491432,36166144
9,SAN,Santander,2023-10-03,3.555,3.6345,3.543,3.555,3.474329,30177146
9,SAN,Santander,2023-10-04,3.54,3.5475,3.478,3.5225,3.442567,36554010
9,SAN,Santander,2023-10-05,3.555,3.5735,3.4965,3.5505,3.469931,28117545
9,SAN,Santander,2023-10-06,3.5665,3.631,3.5595,3.6095,3.527592,23749011
9,SAN,Santander,2023-10-09,3.567,3.583,3.508,3.5125,3.432793,31893814
9,SAN,Santander,2023-10-10,3.55,3.628,3.54,3.607,3.525149,29429951
9,SAN,Santander,2023-10-11,3.5845,3.631,3.5735,3.6105,3.52857,27641321
9,SAN,Santander,2023-10-12,3.643,3.643,3.5695,3.587,3.505603,21367746
9,SAN,Santander,2023-10-13,3.57,3.584,3.494,3.513,3.433282,41393175
9,SAN,Santander,2023-10-16,3.54,3.591,3.501,3.576,3.494853,26856670
9,SAN,Santander,2023-10-17,3.566,3.5875,3.5305,3.572,3.490943,16215335
9,SAN,Santander,2023-10-18,3.557,3.572,3.511,3.511,3.431327,34988893
9,SAN,Santander,2023-10-19,3.51,3.524,3.471,3.5085,3.428884,31323285
9,SAN,Santander,2023-10-20,3.48,3.503,3.4515,3.4565,3.378064,65331121
9,SAN,Santander,2023-10-23,3.4635,3.4745,3.3875,3.4215,3.343858,178180697
9,SAN,Santander,2023-10-24,3.441,3.4425,3.3525,3.3815,3.304766,170601157
9,SAN,Santander,2023-10-25,3.4005,3.5015,3.345,3.461,3.382462,87290373
9,SAN,Santander,2023-10-26,3.44,3.52,3.4055,3.511,3.431327,32176659
9,SAN,Santander,2023-10-27,3.545,3.563,3.4575,3.481,3.402008,53188968
9,SAN,Santander,2023-10-30,3.5,3.5765,3.4715,3.5695,3.4885,70729714
9,SAN,Santander,2023-10-31,3.5055,3.544,3.4295,3.466,3.466,55102774
9,SAN,Santander,2023-11-01,3.4885,3.5155,3.46,3.5005,3.5005,41262477
9,SAN,Santander,2023-11-02,3.504,3.596,3.4955,3.585,3.585,38701766
9,SAN,Santander,2023-11-03,3.5975,3.6105,3.56,3.5775,3.5775,47557948
9,SAN,Santander,2023-11-06,3.579,3.5895,3.5345,3.54,3.54,50964313
9,SAN,Santander,2023-11-07,3.52,3.5585,3.488,3.521,3.521,129325134
9,SAN,Santander,2023-11-08,3.519,3.5855,3.4875,3.5485,3.5485,35055000
9,SAN,Santander,2023-11-09,3.552,3.597,3.547,3.597,3.597,24840848
9,SAN,Santander,2023-11-10,3.5905,3.6345,3.581,3.609,3.609,42654165
9,SAN,Santander,2023-11-13,3.622,3.65,3.619,3.65,3.65,26206164
9,SAN,Santander,2023-11-14,3.65,3.6945,3.6375,3.6835,3.6835,40148908
9,SAN,Santander,2023-11-15,3.689,3.7,3.6625,3.67,3.67,39983364
9,SAN,Santander,2023-11-16,3.675,3.7295,3.675,3.69,3.69,34850709
9,SAN,Santander,2023-11-17,3.7,3.729,3.69,3.7235,3.7235,65573690
9,SAN,Santander,2023-11-20,3.73,3.7675,3.726,3.734,3.734,27461572
9,SAN,Santander,2023-11-21,3.7135,3.7275,3.691,3.726,3.726,17106225
9,SAN,Santander,2023-11-22,3.7355,3.755,3.7175,3.7465,3.7465,27335636
9,SAN,Santander,2023-11-23,3.7405,3.766,3.7315,3.7605,3.7605,19229828
9,SAN,Santander,2023-11-24,3.77,3.7765,3.756,3.768,3.768,20252178
9,SAN,Santander,2023-11-27,3.756,3.7665,3.7085,3.7195,3.7195,29020618
9,SAN,Santander,2023-11-28,3.7065,3.7795,3.7065,3.7795,3.7795,31244594
9,SAN,Santander,2023-11-29,3.77,3.811,3.763,3.798,3.798,45463581
9,SAN,Santander,2023-11-30,3.82,3.8395,3.7885,3.801,3.801,66558689
9,SAN,Santander,2023-12-01,3.826,3.837,3.8075,3.837,3.837,37058506
9,SAN,Santander,2023-12-04,3.825,3.85,3.808,3.848,3.848,23421657
9,SAN,Santander,2023-12-05,3.846,3.9255,3.842,3.92,3.92,40476392
9,SAN,Santander,2023-12-06,3.94,3.9695,3.914,3.9565,3.9565,36152185
9,SAN,Santander,2023-12-07,3.9405,3.9665,3.811,3.8655,3.8655,48801259
9,SAN,Santander,2023-12-08,3.8805,3.9495,3.86,3.94,3.94,29119780
9,SAN,Santander,2023-12-11,3.9285,3.95,3.913,3.941,3.941,27851835
9,SAN,Santander,2023-12-12,3.944,3.9475,3.8715,3.8755,3.8755,52436443
9,SAN,Santander,2023-12-13,3.8585,3.88,3.822,3.838,3.838,38266823
9,SAN,Santander,2023-12-14,3.89,3.898,3.828,3.884,3.884,39510953
9,SAN,Santander,2023-12-15,3.9,3.9035,3.7815,3.7995,3.7995,111210071
9,SAN,Santander,2023-12-18,3.79,3.8245,3.764,3.788,3.788,48825182
9,SAN,Santander,2023-12-19,3.777,3.7995,3.7605,3.7925,3.7925,25538140
9,SAN,Santander,2023-12-20,3.8,3.8125,3.7355,3.789,3.789,27342468
9,SAN,Santander,2023-12-21,3.7875,3.808,3.759,3.793,3.793,15816650
9,SAN,Santander,2023-12-22,3.7905,3.827,3.785,3.808,3.808,20983223
9,SAN,Santander,2023-12-27,3.787,3.817,3.7595,3.81,3.81,33514637
9,SAN,Santander,2023-12-28,3.814,3.8175,3.775,3.7875,3.7875,17505114
9,SAN,Santander,2023-12-29,3.7855,3.802,3.772,3.7795,3.7795,15848727
9,SAN,Santander,2024-01-02,3.79,3.89,3.7895,3.8535,3.8535,33031875
9,SAN,Santander,2024-01-03,3.87,3.88,3.789,3.7995,3.7995,25083126
9,SAN,Santander,2024-01-04,3.801,3.8825,3.801,3.88,3.88,22951596
9,SAN,Santander,2024-01-05,3.859,3.9395,3.842,3.9125,3.9125,30772699
9,SAN,Santander,2024-01-08,3.9,3.94,3.8705,3.9295,3.9295,19616790
9,SAN,Santander,2024-01-09,3.9225,3.9225,3.857,3.8915,3.8915,24700756
9,SAN,Santander,2024-01-10,3.869,3.883,3.8345,3.849,3.849,23406946
9,SAN,Santander,2024-01-11,3.88,3.88,3.793,3.793,3.793,33271015
9,SAN,Santander,2024-01-12,3.8045,3.84,3.788,3.8015,3.8015,25541171
9,SAN,Santander,2024-01-15,3.781,3.793,3.76,3.76,3.76,23138604
9,SAN,Santander,2024-01-16,3.74,3.744,3.6925,3.7145,3.7145,29662733
9,SAN,Santander,2024-01-17,3.68,3.69,3.648,3.6645,3.6645,29641889
9,SAN,Santander,2024-01-18,3.67,3.7235,3.635,3.7175,3.7175,44302282
9,SAN,Santander,2024-01-19,3.7305,3.7475,3.697,3.71,3.71,26529352
9,SAN,Santander,2024-01-22,3.75,3.779,3.733,3.734,3.734,25321085
9,SAN,Santander,2024-01-23,3.7375,3.75,3.666,3.6705,3.6705,24895238
9,SAN,Santander,2024-01-24,3.6705,3.7285,3.67,3.7285,3.7285,48095932
9,SAN,Santander,2024-01-25,3.692,3.709,3.63,3.63,3.63,41961445
9,SAN,Santander,2024-01-26,3.625,3.65,3.618,3.6475,3.6475,22439026
9,SAN,Santander,2024-01-29,3.645,3.6575,3.572,3.572,3.572,40655404
9,SAN,Santander,2024-01-30,3.5755,3.6715,3.563,3.6595,3.6595,31334211
9,SAN,Santander,2024-01-31,3.7665,3.7735,3.665,3.7355,3.7355,58510049
9,SAN,Santander,2024-02-01,3.76,3.87,3.709,3.74,3.74,50660263
9,SAN,Santander,2024-02-02,3.7905,3.8835,3.751,3.8785,3.8785,39275393
9,SAN,Santander,2024-02-05,3.8345,3.837,3.641,3.6845,3.6845,95402344
9,SAN,Santander,2024-02-06,3.718,3.7595,3.7125,3.7475,3.7475,49965519
9,SAN,Santander,2024-02-07,3.74,3.7725,3.665,3.676,3.676,36785892
9,SAN,Santander,2024-02-08,3.708,3.7175,3.655,3.655,3.655,40960470
9,SAN,Santander,2024-02-09,3.65,3.7085,3.6425,3.675,3.675,32868999
9,SAN,Santander,2024-02-12,3.707,3.7175,3.665,3.705,3.705,14760052
9,SAN,Santander,2024-02-13,3.7155,3.7225,3.6535,3.6615,3.6615,23089248
9,SAN,Santander,2024-02-14,3.685,3.7325,3.6675,3.669,3.669,26479695
9,SAN,Santander,2024-02-15,3.6945,3.6945,3.6215,3.6705,3.6705,28625433
9,SAN,Santander,2024-02-16,3.6945,3.724,3.6625,3.673,3.673,39467066
9,SAN,Santander,2024-02-19,3.695,3.765,3.689,3.7375,3.7375,22695112
9,SAN,Santander,2024-02-20,3.736,3.8115,3.7295,3.8,3.8,34155311
9,SAN,Santander,2024-02-21,3.8045,3.8485,3.782,3.8165,3.8165,24513798
9,SAN,Santander,2024-02-22,3.8375,3.8695,3.8205,3.839,3.839,38545744
9,SAN,Santander,2024-02-23,3.8305,3.848,3.7915,3.8345,3.8345,34570474
9,SAN,Santander,2024-02-26,3.8185,3.846,3.815,3.8205,3.8205,20432164
9,SAN,Santander,2024-02-27,3.81,3.836,3.7965,3.821,3.821,25038322
9,SAN,Santander,2024-02-28,3.826,3.874,3.8195,3.859,3.859,25924470
9,SAN,Santander,2024-02-29,3.8605,3.898,3.833,3.8455,3.8455,48265445
9,SAN,Santander,2024-03-01,3.8355,3.8765,3.8315,3.872,3.872,28750040
